:020000040800F2
:10000000000600207D0600087F0600087F06000825
:100010007F0600087F0600087F0600087F060008AC
:100020007F0600087F0600087F0600081D6801089B
:100030007F0600087F0600087F0600087F0600088C
:100040007F0600087F0600087F0600087F0600087C
:100050007F0600087F060008018001082D80010846
:100060005980010885800108B18001089148010884
:10007000B9480108E5480108114901083D4901084E
:1000800065490108914901087F0600087F060008BC
:100090007F0600087F0600087F060008DD80010853
:1000A0007F0600087F0600087F0600087F0600081C
:1000B0007F0600087F0600087F0600087F0600080C
:1000C0007F0600087F0600087F0600087F060008FC
:1000D0007F0600087F0600087F0600087F060008EC
:1000E000418101087F0600087F0600087F0600089E
:1000F0007F0600087F0600087F060008BD4901084A
:100100007F0600087F060008C98101087F060008F5
:100110007F0600087F0600087F0600087F060008AB
:10012000E9490108114A01083D4A0108694A0108E4
:10013000954A01087F0600087F0600087F06000830
:100140007F0600087F0600087F0600087F0600087B
:10015000BD4A0108E94A0108154B01087F0600085D
:100160007F0600087F0600087F0600087F0600085B
:100170007F060008097401087F0600087F06000852
:100180007F0600087F060008B58101087F06000889
:100190007F0600087F0600087F0600087F0600082B
:1001A0007F0600087F0600087F0600087F0600081B
:1001B0007F0600087F0600087F0600087F0600080B
:1001C0007F0600087F0600087F0600087F060008FB
:1001D0007F060008F57301087F0600087F06000807
:1001E0007F0600087F0600087F0600087F060008DB
:1001F0007F0600087F0600087F0600087F060008CB
:100200007F0600087F0600087F0600087F060008BA
:100210007F0600087F0600087F0600087F060008AA
:100220007F0600087F0600087F0600087F0600089A
:100230007F0600087F0600087F0600087F0600088A
:100240007F0600087F0600087F0600087F0600087A
:100250007F0600087F0600087F0600087F0600086A
:100260007F0600087F0600087F0600087F0600085A
:100270007F0600087F0600087F0600087F0600084A
:100280007F0600087F0600087F0600087F0600083A
:100290007F0600087F0600087F0600087F0600082A
:1002A0007F0600087F0600087F0600087F0600081A
:1002B0007F0600087F0600087F0600087F0600080A
:1002C0007F0600087F0600087F0600087F060008FA
:1002D0007F0600087F0600087F0600087F060008EA
:1002E000000000000000000000000000000000000E
:1002F00000000000000000000000000000000000FE
:100300004ECF4EA5A6B6F72930820122300D060940
:100310002A864886F70D01010105000382010F00BE
:100320003082010A0282010100B52816DEA7C2311F
:10033000125CB5F35C604E9C8D8D3438D4922B7773
:10034000FFE586209B0F741736B673817AF6DCFBC7
:100350000B7132869D410D4758064D54C32BAF0992
:1003600059DDBEB13F7573FBD17619D5B577D48C05
:100370005B14676C354A4B22756C3B2BB93C1035CE
:100380001688E6CACF881190A3ADB3E9EC06D2C4B3
:1003900030F35BF9E8FD02DDB16FD794D95274E513
:1003A0007774E48441ED019FFB1E1F338BE4E1ED84
:1003B00004798E4438ACAAB91AB910247DDAEF0456
:1003C000195324A5D9513BC5128F4EE075C0775FF4
:1003D000FDF7CA6417303B724645775182CB6C3FBC
:1003E0002C14D3AC936EEFD808889F8F5249ADDDA3
:1003F0008B36C77867DE8B532F4A922812FD57C57C
:100400007347AB0B977E0B962AA30766DA77DB7DE3
:1004100087EC88937F4A7C5F107E27CF0B2702A74B
:10042000484CED0624765F37590203010001308203
:100430000122300D06092A864886F70D01010105C3
:10044000000382010F003082010A0282010100D8FC
:100450008B7DFB3A2AFD78E916573835E596296FEA
:10046000F75D408E2AC53E8FEF579E4BF770D078D0
:1004700094BAFE015297A45524F588DCE938D06C73
:1004800059EE57D0AD8867C2157A2B3E407B89D292
:10049000E5D621A7324EC099F0CF895293911FF92A
:1004A000009E6A499048BCAEE861CE32E13E1DF53F
:1004B00063B5D0934582ED3923D5536A3FC1AC155E
:1004C00096E09240BC54964152E49135F9DDE1B496
:1004D00078C4A8341DEBC308AC1CB3A00E9CE97112
:1004E0005F2BD63CA3025303953285BFFCF907DC92
:1004F0005B5226A675FD039A244B359019F4412AC8
:1005000000ABBB15F91A2D0AD678698D8BF7D43656
:1005100010B01C358DE43948968330F7EA6DF7A1A9
:1005200087A0512A89C36867B697672F7F34478BA6
:100530001EE61E896E0A5AC3F1494277C2F06C1A50
:10054000DD5CD1D32B5E9B7B3C92FA2DF7F96F02D9
:100550000301000130820122300D06092A864886F7
:10056000F70D01010105000382010F003082010A2D
:100570000282010100B52816DEA7C231125CB5F374
:100580005C604E9C8D8D3438D4922B77FFE58620AD
:100590009B0F741736B673817AF6DCFB0B713286CB
:1005A0009D410D4758064D54C32BAF0959DDBEB1CF
:1005B0003F7573FBD17619D5B577D48C5B14676C16
:1005C000354A4B22756C3B2BB93C10351688E6CA70
:1005D000CF881190A3ADB3E9EC06D2C430F35BF938
:1005E000E8FD02DDB16FD794D95274E57774E484E5
:1005F00041ED019FFB1E1F338BE4E1ED04798E4436
:1006000038ACAAB91AB910247DDAEF04195324A51D
:10061000D9513BC5128F4EE075C0775FFDF7CA64B4
:1006200017303B724645775182CB6C3F2C14D3ACCC
:10063000936EEFD808889F8F5249ADDD8B36C7780F
:1006400067DE8B532F4A922812FD57C57347AB0BB9
:10065000977E0B962AA30766DA77DB7D87EC889373
:100660007F4A7C5F107E27CF0B2702A7484CED0600
:1006700024765F37590203010001000002E000F018
:1006800000F8FEE772B6374880F30888364880F3F2
:10069000098836483649086040F20000CCF2000074
:1006A0004EF63471CEF200010860BFF34F8FBFF3F6
:1006B0006F8F40F20000C0F2F0004EF68851CEF28B
:1006C00000010860BFF34F8FBFF36F8F4FF0000042
:1006D000E1EE100A4EF63C71CEF2000108600620F1
:1006E00080F31488BFF36F8F16F0FAF817F042FA10
:1006F0004FF055301F491B4A91423CBF41F8040B53
:10070000FAE71D49184A91423CBF41F8040BFAE749
:100710001A491B4A1B4B9A423EBF51F8040B42F840
:10072000040BF8E700201849184A91423CBF41F8F1
:10073000040BFAE716F012F917F0A0FA144C154D55
:10074000AC4203DA54F8041B8847F9E712F0E0FEE4
:10075000114C124DAC4203DA54F8041B8847F9E7F8
:1007600016F0FAB800060020002200200000000861
:1007700008ED00E00000002000060020A894010819
:1007800000220020C8220020C82200207849002032
:10079000E0020008E0020008E0020008E0020008B1
:1007A0002DE9F04F2DED108AC1F80CD0D0F80CD007
:1007B000BDEC108ABDE8F08F002383F31188284632
:1007C000A047002015F0E2FAFEE715F06DFA00DF11
:1007D000FEE700002DE9F04FD1B0031F00F11C042B
:1007E00007AA0793069453F8040F9C4242F8040F9B
:1007F000F9D10DF140080A1F20A8434652F8041F02
:1008000043F8041B9842F9D108F1C0044246966BA4
:10081000114652F8045F4FEAF643486A0F684FEA00
:10082000B54183EA76439442384481EAF51183EA7C
:10083000962381EAD50103440B44D363E7D1B64F35
:10084000DFF8E8C2DFF8E8E2DDF83C90DFF8E4B278
:100850000C9DCDE9047CB14FDFF8DCC2CDE9027E0E
:10086000AF4FDFF8D8E20197AE4FDDE90D64DDE967
:100870000832DDE90A01009713E05BF8207C00975D
:100880005BF8147C01975BF8107C02975BF80C7C9A
:1008900003975BF8087C5BE907EC04975BF8047C42
:1008A000059784EA060A0BF1200B08F120080AEAF2
:1008B000050A8AEA04074FEAF52A8AEAB51A8AEA9B
:1008C000756ABA4458F8207C574403EA020AB944CE
:1008D000009F4F4485EA06093944009758F81C7C6C
:1008E00009EA01093C4458F8187C89EA06093E44A3
:1008F000A1444FEAF12484EAB11484EA71644C44BF
:100900004FEAB309A64443EA020489EA7339044072
:10091000704489EAB35944EA0A04A144009CA14402
:1009200085EA010404406C4034444FEAF02686EA2C
:10093000B01686EA7066344449EA0306A4444FEAD6
:100940007934164002EB0C0784EAB90409EA030281
:1009500084EAB954324358F8146C14443544019E67
:10096000744481EA000E0EEA070E49EA040A4FEACF
:1009700074328EEA010E0AEA030A82EAB40275446E
:100980004FEAF72E82EAB4528EEAB71E8EEA776EED
:1009900075442E4409EA04054AEA0505334480EA11
:1009A000070AB6462A4458F8106C0AEA030A624459
:1009B00031448AEA000A44EA020C4FEA72358A445A
:1009C00004EA02010CEA090C85EAB2054CEA0101CD
:1009D00085EAB2550D444FEAF32181EAB31175441B
:1009E00081EA736102EA050C4FEA75368A4402997E
:1009F00086EAB5068A4442EA050186EAB5562140F0
:100A0000D14441EA0C0187EA030C31440CEA090C99
:100A100058F80C6C8CEA070C51443044039E05EAEC
:100A2000010E84444FEAF92080EAB91080EA796027
:100A3000604445EA010C30444FEA71360CEA020C7E
:100A400086EAB10604444CEA0E0C86EAB1566644C6
:100A500083EA090C304458F8086C0CEA040C37445B
:100A60004FEAF4268CEA030C01EA000E86EAB4167B
:100A7000674441EA000C86EA74660CEA050C3744C8
:100A8000049E4CEA0E0C3744D6194FEA703282EAC3
:100A9000B00282EAB052624489EA040C3A4458F83F
:100AA000047C0CEA060C3B444FEAF6278CEA090C5E
:100AB00000EA020E87EAB617634487EA76673B448A
:100AC000059F1F444FEA723383EAB2033D4483EA31
:100AD000B25C40EA02030B4043EA0E0363443B442A
:100AE000114F5F457FF4C9AE0B9109A9CDF83C9039
:100AF0000C95CDE90D64CDE90920DDE9064201E060
:100B000051F8043B52F8040F034494421360F7D1A8
:100B1000002051B0BDE8F08FA4823F925BC25639ED
:100B2000A5DBB5E9982F8A4224850108D55E1CAB68
:100B3000F111F15924840108CFFBC0B591443771FC
:100B400008B3202238B50D460021044613F0F0FB0F
:100B50000E4A00200E4B0F49A066E566C4E900234B
:100B60000D4A0E4BC4E902230D4B0E4A236103F1DB
:100B70002D6303F51E3303F29A23C4E91800C4E978
:100B80000512E36138BD6FF0AC00704767E6096A93
:100B900085AE67BB8C68059B72F36E3C3AF54FA53A
:100BA0007F520E51ABD9831F00287BD041EA02034C
:100BB0002DE9F0470D468146164609B9002A6ED147
:100BC00013B90020BDE8F087D9F860003F286CD841
:100BD000D9F86430F318C9F8643031D209F120072C
:100BE000B8BB26F03F082E4409F15C04A844A6EBEC
:100BF000050A454517D0402229463846154413F0CA
:100C000071FB09F11C0353F8042F12BAA3421A60B6
:100C1000F9D139464846FFF7DDFD0028D2D14545D8
:100C2000A6EB050AE7D1BAF1000FCAD05246294611
:100C3000384613F057FB0020C9F860A0BDE8F087E4
:100C4000D9F8683009F120070133C9F86830002865
:100C5000C7D0C0F1400429463844B44228BF3446C6
:100C60002246361B13F03EFBD9F8603025441C4465
:100C7000402CC9F86040B4D109F11C0309F15C01B2
:100C800053F8042F12BA99421A60F9D139464846EE
:100C9000FFF7A0FD002895D1C9F86000A1E76FF02B
:100CA000AC008FE76FF0AC0070476FF0830089E70E
:100CB00000B5864689B0B0B10846A1B1AEF10402D4
:100CC000ADF1040C0EF11C0E52F8043F1BBA724534
:100CD0004CF8043FF8D12022694613F003FB0020B2
:100CE00009B05DF804FB6FF0AC00F9E72DE9F843BB
:100CF000002800F08B800E46B1FA81F14909002EE0
:100D000000F08480036E044600F120088022581C05
:100D1000206608F80320236E382B59D808EB03000F
:100D2000C3F1380204F11C0704F15C05002113F043
:100D3000FFFA3B46D4E91921500FD20000EBC10164
:100D40006266A16653F8042F12BA9D421A60F9D167
:100D5000042204F1680104F1580013F0C3FA0422DC
:100D600004F16401284613F0BDFA41462046FFF71E
:100D700031FD814648BB231F53F8042F12BABB42F2
:100D80001A60F9D120222146304613F0ABFA202216
:100D90000021204613F0CCFA00231E491E4AA36608
:100DA000C4E90012C4E918331C4A1D4B1D49C4E9AB
:100DB000032303F12D631C4AA16003F51E331B4975
:100DC00003F29A23C4E90512E3614846BDE8F883BB
:100DD000C3F1400208EB030013F0AAFA04F11C0768
:100DE000402304F15C0523663B4653F8042F12BAF6
:100DF0009D421A60F9D141462046FFF7EBFC81463F
:100E00000028E2D12066382240468FE76FF0AC0917
:100E1000DBE700BF67E6096A85AE67BB3AF54FA519
:100E20007F520E5172F36E3CABD9831F8C68059BC9
:100E3000E0B12022002110B5044613F079FA0D48E4
:100E400000230D4A0D492366A1600D496366C4E97C
:100E500000020C4A0C48E2600C4AC4E904020C4A45
:100E60001846C4E90612C4E91A3310BD6FF0AC008D
:100E7000704700BF67E6096A85AE67BB72F36E3CD8
:100E8000ABD9831F3AF54FA57F520E518C68059B55
:100E900019CDE05B704700BFA8B130B50C469FB0DC
:100EA00071B10DF10F050146702225F00F0528469E
:100EB00013F018FA21462846FFF718FF1FB030BD7F
:100EC0006FF0AC00FAE76FF0AC00704778B10B46FA
:100ED00010B5B1FA81F4640931B1014670221846A7
:100EE00013F000FA204610BD6FF0AC0010BD6FF09B
:100EF000AC0070472DE9F0418D1E4FF6FD74A54200
:100F000060D8B2FA82F56D09002A5BD0012B3CD083
:100F1000022954D0471E441C2E460F44A64614F8FE
:100F200001CF0CF1FF3C0EF1020EA7424FEAEC7C20
:100F3000AEEB000E1FFA8CFC2CEA050845EA0C0506
:100F400008EA0E0E46EA0E06E8D1C6F10A04891B2D
:100F50000644E40F013C64EA0505EDB244780078EC
:100F60001660621E0138E443D21AC00F2344D20F28
:100F70000138DB0F013A2843013B10431843C0F30B
:100F8000C01001380840BDE8F0810378EBB9437820
:100F9000012B1AD1022303E0045DABB2FF2C04D174
:100FA0008B4203F101051C46F6D30A2B0DD9C41858
:100FB00014F8010C48B9C81A1460BDE8F08106465F
:100FC000FF25CBE76FF0AC00DDE76FF0C800DAE794
:100FD000C0B110B500F58054D4F8440188B194F83C
:100FE00058314BB1D4F84831023B012B0BD915F0E5
:100FF0009BFB002384F858310023C4F84431C4F823
:10100000503110BD7047D4F85021002AEFD002446F
:1010100000210346013082421970FAD1D4F844010C
:101020000028E6D0E3E700BF2DE9F8430E469DF81F
:101030002010D8B3D6B31546C2B3B3FA83F252091F
:10104000A3B30746A3F10B00B04232D3A94601294E
:1010500003F1FF3809F8012B697020D0023BA91C6D
:1010600009989C1B224610F031FEB0B9012C08D91A
:101070002B194A46012012F8011F01B910709A423B
:10108000F9D1A8EB060800243246394609EB0800DE
:1010900005F8084013F026F92046BDE8F883033B25
:1010A000FF21A81C9A1B13F043F9EAE76FF0AC008C
:1010B000F3E76FF0C800F0E72DE9F04F2DED028B5C
:1010C000ADF6F42DDDF8244BDDF8205B002C00F0AC
:1010D0009B818046002800F09781002A18BF0029D4
:1010E0000F46914600F090811E46002B00F08C8147
:1010F0001B68002B00F088816A1C00F08581032D9D
:1011000006D104F58053D3F84C31042B00F0228132
:1011100020460FF0B9FB8742824600F2C381236864
:10112000002B03DDA368DB0740F1BF8120460FF0F1
:101130006BFCB0F5006F04D1012D53DC002D80F263
:10114000928020460FF060FCB0F5406F05D1012D74
:1011500000F3B180002D80F29A80A5F1020B0AA85D
:101160000FF06CFA40BBBBF1010F40F22B813A4605
:1011700041460AA80FF0AAFB002840F07C82012D0E
:1011800000F3F880002D80F2D6800AA86FF0810568
:101190000FF090FABBF1010F16D904F5805300222D
:1011A0002046C3F84C21FFF713FF28460DF6F42D17
:1011B000BDEC028BBDE8F08F6FF06D050AA80FF053
:1011C00079FABBF1010FE8D80DF58F6308EE103AFC
:1011D00094AB089318EE100A0FF06CFA08980FF011
:1011E00069FADAE7A5F1020BBBF1010F00F2D48036
:1011F000DDF8283B002B00F0048104F5CF6B584646
:101200000FF002FCB0F5806F9BD104F50A6318461D
:1012100008930FF0F9FBB0F5806F089B91D104F6AD
:101220001875009304F58A625B46039504F54F65D3
:1012300039464046029504F6C82504940195CDE947
:10124000059607F065F910F16C06054618BF0126F2
:1012500006EAD076002EA0D128460DF6F42DBDEC7E
:10126000028BBDE8F08F019639464046234604F5CF
:101270000A72CDF8009007F063F810F16C0605468D
:1012800018BF012606EAD076002EE5D085E7019644
:1012900039464046234604F50A72CDF8009007F01F
:1012A0005BFB10F16C06054618BF012606EAD076F6
:1012B000002ED1D071E7A5F1020BBBF1010F3FF673
:1012C0004EAFDDF8283B002B00F09B8004F5CF6388
:1012D000184608930FF098FBB0F5C06F089B7FF499
:1012E0003EAF04F50A620993104608920FF08CFB9A
:1012F000B0F5C06FDDE908237FF431AF04F618754F
:101300000092394604F58A62039504F54F6540461C
:101310000494029504F6C825CDE90596019507F0D9
:1013200005FC10F16C06054618BF012606EAD076CA
:10133000002E91D031E70AAB224604F50A71184617
:101340000FF040FA002859D133689A4518D96FF048
:10135000820533E70DF6C803184608EE903A0FF001
:101360006DF9002853D018EE900A6FF06D050FF05C
:10137000B1F91AE70AA86FF081050FF09BF90CE7A5
:10138000524649460AA8C6F800A00FF09DFA054645
:1013900048B16FF0700511E720460FF035FBB0F54E
:1013A000406F8AD0DBE60AA80FF084F9BBF1010F89
:1013B0003FF6FBAE0DF58F600FF07CF994A80FF0AF
:1013C00079F9F2E694AB0DF58F6102460893034676
:1013D00008EE101ACDE9000008980FF089F90028EE
:1013E00048D13A4641460AA80FF070FA00285FD06B
:1013F0000AA86FF06E050FF05DF9EBE66FF06F0570
:10140000DCE66FF0EB05C8E66FF0AC05CDE63A46DA
:10141000414618EE900A0FF059FA30B118EE900AD2
:101420006FF06E050FF056F9BFE6DDF82C3B8BBB75
:1014300018EE902A012118EE900A0FF001FF30B14A
:1014400018EE900A6FF072050FF044F9ADE62146F0
:1014500018EE900A0FF0B8F9013006D018EE900A95
:101460006FF0FC050FF036F99FE618EE900A0FF0CA
:1014700031F94DE60AA86FF06D050FF02BF90AA8B7
:101480000FF018F918EE100A0FF014F908980FF081
:1014900011F982E6012118EE900A0FF0DBF901281C
:1014A000DCD1C5E76FF0AC0577E64FF0FF3574E6A9
:1014B000012D7FF767AE204607F06AFDDDF8282B87
:1014C0000146089807F078FD054698B10AA80FF084
:1014D000F1F815F16C0618EE100A18BF01260FF08E
:1014E000E9F8089806EAD5760FF0E4F8002E3FF404
:1014F000B3AE52E618EE102A214608980FF05AF9BA
:1015000028B16FF076050AA80FF0D4F862E6089BC0
:10151000224604F50A7118460FF050F910B16FF029
:101520006F05F0E70AAB2246089918460FF030F92C
:1015300010B16FF07405E6E70DF5D4600FF07EF89A
:1015400010B16FF06D05C1E70DF6C803184608EE3F
:10155000903A0FF073F820B10DF5D4600FF0AAF8AF
:10156000EFE704F5CF650DF5D46304F6C8210AA8AA
:101570002A460FF023F950B10DF5D4606FF06F05D6
:101580000FF098F818EE900A0FF094F89EE704F523
:101590000A6718EE903A04F54F610AA83A460FF030
:1015A0000DF90028E8D10DF5D4630AAA18EE901AB7
:1015B00018460FF0E7F858B10DF5D4636FF07105D8
:1015C00018460FF077F818EE900A0FF073F87DE7E1
:1015D0000AAB2A4604F6187118460FF0D9F850B134
:1015E0000DF5D4606FF074050FF064F818EE900AF2
:1015F0000FF060F86AE70AAA394610460FF0C4F8FF
:1016000050B10DF5D4606FF073050FF053F818EE7C
:10161000900A0FF04FF859E70AAA18EE901A1046F0
:101620000FF0AEF858B10DF5D4636FF0720518469F
:101630000FF040F818EE900A0FF03CF846E70DF571
:10164000D4600FF037F818EE900A0FF033F80AABB9
:10165000224618EE101A18460FF09AF800287FF468
:1016600068AF33689A457FF68BAE0AA86FF08205A3
:101670000FF020F8AEE50AA86FF06E050FF01AF82B
:101680008BE500BF2DE9F047984686B000230F9EFA
:101690009DF844A00593002800F0C9800C4600295D
:1016A00000F0C5801746002A00F0C180002E00F02F
:1016B000BE8006F58055D5F84C31062B05D8DFE8FD
:1016C00003F047040404102D58006FF0BF040023FA
:1016D0003046C5F84C31FFF77BFC204606B0BDE82C
:1016E000F087D5F84421139B21461046CDE90163CC
:1016F000109B0093129B013B18BF0123039341F2FF
:1017000050133344FFF7D8FC041E02DA14F16C0FB7
:10171000DDD10523002CC5F84C314DDB3046D5F822
:101720004441D5F850910FF06FF9129B002B40F017
:10173000818053462046494605AAFFF7DBFB109BF4
:101740000446012B18D1404516DD6FF08204BEE738
:10175000D5F84431C5F85011002BB6D10E9A7AB3A2
:101760003A4685F85831C5F844710423C5F84C3120
:10177000B9E76FF08104AAE7002C1ADB0599C1B123
:101780000E9B7BB30E9B1960A8EB04086FF08203DD
:101790004FEAD8785C4008F1FF3808EA040484EA8C
:1017A0000302E10F013A0139D20F013A0A43144012
:1017B0005C400623C5F84C3114F16C0F87D18CE7DF
:1017C0008146084614F078FF0122C5F8440185F8E7
:1017D000582100283CD02246494612F083FDD5F816
:1017E0004421C2E7109B032B2DD1D5F85031D5F8F9
:1017F0004421002BC8D00E9B501A08F1FF3C19461B
:1018000001E0D5F84421525CACEB030EFA540A18FF
:101810004FEADE7E0131D20F0EF1FF3E013A02EABD
:101820000E029B1AD5F850219142EAD3ACE76FF033
:10183000AC0452E7109B012B02D118F1C90F84DBD5
:101840006FF0C80443E73846224612F04BFD9BE791
:101850006FF07C043BE700BF2DE9F04F85B00E9C94
:101860009DF840B0002863D00D46002960D017468F
:10187000002A5DD0002C5BD09946824620460FF0AE
:1018800003F84845064656DCA0F10B03F52B55D866
:101890009D4250D804F58058D8F84C31022B17D00F
:1018A0003EDC012B41D801232046C8F84C310FF013
:1018B000ABF8119B2946504601933A463346CDF882
:1018C00000B0FFF7B1FB051E1DDB0223C8F84C3149
:1018D000119A0123C8F850913146039341F25013F5
:1018E00038462344CDE901420F9A00923A46FFF769
:1018F000E3FB051E02DA15F16C0F07D10323002D5F
:10190000C8F84C310EDA15F16C0F05D000232046D3
:10191000C8F84C31FFF75CFB284605B0BDE8F08FF6
:10192000032B02D1D8F85051EDE76FF0BF05EDE77A
:101930006FF0AC05F0E76FF08205EDE76FF0E905B9
:10194000EAE700BF70B582B000283FD004460D46DC
:1019500041F25C12002112F0EBFC04F50A76002340
:1019600004F580504FF0FF31C0F840511A46C0F8DE
:101970004C3180F85831C0F84431C0E95433CDE9D6
:101980000033C0F84811314620460EF0B1FE05463E
:1019900010B1284602B070BD04F6187104F54F620C
:1019A00004F6C82304F58A60CDE9002104F50A6233
:1019B00004F5CF610EF09CFE05460028E9D02046D4
:1019C0000EF088FE30460EF085FEE2E76FF0AC05C3
:1019D000DFE700BF6FF00102FFF7B4BF002841D07E
:1019E00010B50446FFF7F4FA04F5805304F61870B6
:1019F000D3F84831012B1ED00EF06CFE04F54F6079
:101A00000EF068FE04F6C8200EF064FE04F50A60CD
:101A10000EF060FE04F5CF600EF05CFE04F58A6007
:101A20000EF058FE04F50A700EF054FE20460EF03B
:101A300051FE002010BD0EF03DFE04F54F600EF08B
:101A400039FE04F6C8200EF035FE04F50A600EF0EB
:101A500031FE04F5CF600EF02DFE04F58A600EF025
:101A600029FEDFE76FF0AC00704700BF70B4DDE91E
:101A700004569DF80C401EB9039470BCFFF7D4BA0D
:101A80006FF0C80070BC704710B4019C1CB95DF8C1
:101A9000044BFFF72FBA6FF0C8005DF8044B704796
:101AA000042805D0A0F10600B0FA80F04009704784
:101AB0001A20704710B584B0069C0094079C0194CE
:101AC000089C029401240394FFF7F6FA04B010BDB9
:101AD00010B584B04FF0020C069C0094079C039450
:101AE0000024CDE9014CFFF7B7FE04B010BD00BFE4
:101AF00010B51C4686B04FF0000C0B46019404F55F
:101B0000805400920246D4F8544105940224CDE951
:101B1000034C03240294FFF7B5FD06B010BD00BFCF
:101B200010B586B04FF0020C089C019404F5805467
:101B3000D4F8544105940024049400940324CDE97E
:101B4000024CFFF79FFD06B010BD00BF10B51C464C
:101B500086B04FF0000C0B46019404F580540092BF
:101B60000246D4F8544105940124CDE9034C029473
:101B7000FFF788FD06B010BD10B586B0089C7CB19B
:101B8000019404F58054D4F854410594002404943D
:101B900000940124CDE90244FFF774FD06B010BDA6
:101BA0006FF0AC00FAE700BF30B587B00A9C84B193
:101BB000019404F580540B9D0495D4F85441059488
:101BC0000124CDE9024400240094FFF75BFD07B037
:101BD00030BD6FF0AC00FAE730B587B00A9C84B135
:101BE000019404F580540B9D0495D4F85441059458
:101BF0000124CDE9024400240094FFF743FD07B01F
:101C000030BD6FF0AC00FAE710B584B04FF0010CB6
:101C1000069C0094079C03940224CDE9014CFFF735
:101C20001BFE04B010BD00BF08B10EF02DBE6FF05A
:101C3000AC0070472DE9F047DDF8208090B30E46E8
:101C400081B3002B18BF002A15461F462AD0B8F1D1
:101C5000000F27D000F50A7A044650460EF014FE15
:101C60002B68814683421AD3314650460EF02AFE35
:101C700008B1BDE8F087C5F8009020460EF004FEDC
:101C8000D8F800300546834209D3394620460EF085
:101C900019FE0028EDD1C8F80050BDE8F0876FF0BC
:101CA0008200E6E76FF0AC00E3E700BF00287CD0DD
:101CB000F0B583B00091002973D00192002A70D052
:101CC0001D46002B6DD0089B002B6AD0099B002B72
:101CD00067D00A9B002B64D00B9B002B61D0DDE901
:101CE0000C32002B18BF002A5BD00E9B002B58D063
:101CF00000F50A77044638460EF0C6FD019A0646FE
:101D000000991368984253D8384600920EF0DAFDD5
:101D1000002848D1009A204616600EF0B5FD089BB9
:101D200006461B68984243D8294620460EF0CAFD55
:101D3000002838D1089B04F58A671E6038460EF0EB
:101D4000A3FD0A9B05461B68984231D8099938467D
:101D50000EF0B8FD38BB0A9B04F5CF661D60304617
:101D60000EF092FD0C9B05461B68984220D80B99FB
:101D700030460EF0A7FDB0B90C9B04F50A641D6057
:101D800020460EF081FD0E9B05461B6898420FD839
:101D90000D9920460EF096FD28B90E9B1D6003B0EC
:101DA000F0BD6FF0AC0003B0F0BD6FF0AC00704759
:101DB0006FF08200F7E700BF48B1B1FA81F2520933
:101DC00029B100F580531046C3F8541170476FF0E5
:101DD000AC0070472DE9F04F002505601368AB4259
:101DE0005EDD9368934602F10C044FF0010C23F082
:101DF00060434FF01D0E2E46036093685B0F4360F7
:101E000004E0236823FA0EF3C35104340135DBF8F0
:101E10000030CEF12009AB422EDD61452CDD236878
:101E20000CF1010850F82C204FEA8C0703FA09F353
:101E30008845AEF1030943EA020323F0604340F80A
:101E40002C3029DA0EF11A0E236807F1040ABEF1CC
:101E5000200F23FA09F326D80CF1020C23F060437B
:101E6000614540F80A3019DDBEF1200F07F108077F
:101E7000C7D140F82C60C8E70CF1010C61450BDDBF
:101E80006FF040420023624400EB82000CF1010C31
:101E900040F8043F6145F9DCBDE8F08FC446B4E783
:101EA0004FF0010CECE7C446CE4640F80A30ACE7F0
:101EB000034600F58E7CF0B5D3E9005202EB657263
:101EC00043F8042F634553F8042C22F0604243F892
:101ED000042CF1D10025FE24082381F8FF502E4662
:101EE000026881F8FF2004F1010C8C4406E00268CE
:101EF0001A4108330CF8012DE4B174461C2B04F18F
:101F0000FF3EF4DDD3F1250C0E5514BF671C2746A8
:101F10000135472D0DDC50F8042F7C1E11F807E029
:101F2000CCF1080302FA0CF242EA0E02CA55002F65
:101F3000D9D1F0BDC3F1250C2746E9E7F0B503463A
:101F400000F1800E1C69D3E90076D3E9022506EB87
:101F5000677627F0604702EB667226F0604605EB75
:101F6000627522F06041C3E9007604EB657425F0E8
:101F700060475D69C3E9021705EB647C996924F049
:101F8000604501EB6C712CF060441D61D3E90726BC
:101F9000203302EB617221F06041734543F80C4C31
:101FA00006EB627622F0604243F8081C43E9012602
:101FB000C8D1D0F88820D0E9201303EB617321F059
:101FC000604102EB637223F06043C0E92013D0F854
:101FD0008C3022F0604103EB6273C0E92213F0BD44
:101FE0002DE9F041034600F5807E9F68DE6899691F
:101FF000D3E9004202EB647824F0604407EB687791
:102000001C601C6928F0604806EB677627F0604C7E
:1020100004EB667426F060475E69DF60C3E9018CFB
:1020200006EB647C24F06046D3E9072501EB6C7174
:1020300020332CF0604443F8106C02EB617273455E
:1020400021F0604143F80C4C05EB627522F06042D0
:1020500043F8081C43E90125C7D1D0F80821D0E98D
:10206000401303EB617321F0604102EB637423F0D2
:102070006043C0E94013D0E94321D0F8143124F083
:10208000604502EB6472C0F8085101EB627122F006
:10209000604203EB6174D0F8183121F06041C0F860
:1020A0000C2103EB6473D0F81C21C0F8101124F04C
:1020B000604102EB637223F06043C0F81411C0E981
:1020C0004632BDE8F08100BF2DE9F04F146893B0AF
:1020D000556800944C6896688F6802940195D4689E
:1020E000CD680396049716690F6905940E95546997
:1020F0004D690B680696079796698F69089409954C
:10210000D469CD690A960B970D940C95D2F820E00E
:10211000D1F82080576AD1F824C0D2E90A45D1E924
:102120000A621946009B109281FB032B0F914FEA24
:10213000527922F0604202601A46029B49EACB09BA
:1021400082FB03A2019BC1FB03A219EB0A034FEA26
:10215000537923F0604342EB5B7A039A4360019B1F
:1021600049EACA099B46029B8BFB033BC1FB023B2E
:10217000009A1146049AC1FB023B19EB03030F9A24
:102180004BEB5A714FEA537B23F0604311914BEABA
:10219000C10B83600299039B81FB033A1146059AA8
:1021A000C1FB023A009A91460E9AC9FB023A019A83
:1021B0009146049AC9FB023A119A1BEB03034AEBBE
:1021C000527B4FEA537A23F06043C3604AEACB0A5A
:1021D000059B9946029B83FB09120F9B9946069B20
:1021E000C9FB0312019B119199460E9B1946119B45
:1021F000C9FB01321946039B9946049BC9FB031294
:10220000009B9946079BC9FB03121AEB01030E9929
:1022100042EB5B7A5A0F23F0604342EACA0903613A
:10222000069B0F9ACDF844909946029B83FB093B8D
:102230009146089AC9FB023B039AC2FB013B049AF0
:102240009146059AC9FB023B009A9146099AC9FB3F
:10225000023B019A9146079AC9FB023B119AD31897
:102260000F9A4BEB5A794FEA537B23F06043CDF83A
:10227000389043614BEAC90B089B9946029B83FB4C
:10228000093A91460A9A1191C9FB023A059AC2FB92
:10229000013A049A9146069AC9FB023A019A91467C
:1022A000099AC9FB023A039A9146079AC9FB023A76
:1022B000009A91460B9AC9FB023A0E9A1BEB030354
:1022C0004AEB527B4FEA537A23F0604383614AEA38
:1022D000CB0A0A9B9946029B83FB09120F9B9946E6
:1022E0000D9BC9FB03120B46119989460E91069965
:1022F000C9FB01321946049B9946089BC9FB03128E
:10230000039B119199460999119BC9FB01320599CB
:1023100089460799C9FB01321193009B0C99994694
:10232000119BC9FB01321946019B99460B9BC9FBC6
:1023300003121AEB010342EB5B7A0F9A590F23F059
:10234000604341EACA01C3610D9B1191029981FB6F
:10235000033B0E9989460899C2FB0E3B049AC9FBC0
:10236000013B0A99C2FB013B0599099AC1FB023B5B
:102370000699019A89460799C9FB013B91460C9A37
:102380000B99C9FB023B039AC2FB013B1199009ACE
:10239000C2FB083BCB180F9A4BEB5A714FEA537BA9
:1023A00023F06043119103624BEAC10B029B0E992B
:1023B00083FB0E3AC2FB073A0A9AC1FB023A049A1F
:1023C0000D99C2FB013A0699099AC1FB023A079995
:1023D000089AC1FB023A039A059991460C9AC9FBE7
:1023E000023A0B9AC1FB023A009A1199C2FB0C3ACD
:1023F000019AC2FB083A1BEB03034AEB517B4FEAFD
:10240000537A23F0604343624AEACB0A029B83FB80
:1024100007120F9BC3FB04120B460E9989460D99B8
:10242000C9FB01321946049BC3FB0E120B460899E7
:1024300089460999C9FB0132079989460A99C9FB5E
:102440000132059989460C99C9FB013206998946E2
:102450000B99C9FB01321946019BC3FB0C12039B6C
:1024600099460B461146009AC9FB0831C2FB06315A
:102470001AEB030341EB5B7A4FEA537B23F0604393
:1024800083624BEACA0B029B83FB04120F9BC3FBC4
:1024900005120B460E9989461946049BC9FB0E127C
:1024A000C3FB07120B46099989460A99C9FB0132F9
:1024B000079989460D99C9FB0132069989460C99FD
:1024C000C9FB0132089989460B99C9FB01321946AB
:1024D000039BC3FB0C120B46059989461146009AD3
:1024E000C9FB08319146109AC9FB0231019A914605
:1024F0000A460299C9FB06321BEB030342EB5A79E9
:102500000A9A4FEA537A23F06043CDF80090C362F1
:102510004AEAC90A049B83FB043BC1FB053B99467D
:10252000079B0E99C3FB0E9B5B4693460B9AC1FB20
:1025300007930C99CBFB0293099A93460D9ACBFB18
:102540000293069AC2FB0893089AC2FB0193039A6E
:102550000599C2FB0693019AC1FB0C931099C2FB2B
:102560000193009A1AEB090A0E9943EB52734FEA52
:102570005A7B1A462AF060434BEAC20B036300926F
:1025800081FB0439049AC2FB0539099AC2FB0E3952
:10259000079AC2FB07390A9A92460C9ACAFB02397B
:1025A0000B9A92460D9ACAFB0239069AC2FB0C3965
:1025B000089AC2FB0839039A9246109ACAFB02395C
:1025C000059AC2FB06391BEB0303009A4FEA537BC3
:1025D00023F0604349EB52724363079B4BEAC20B03
:1025E00083FB043AC1FB053A0B99C1FB0E3A0999EA
:1025F000C1FB073A0A99C1FB083A0D9989460C9923
:10260000C9FB013A0699C1FB063A0899C1FB0C3A8D
:10261000059989461099C9FB013A1BEB03030799F9
:102620004FEA537923F060434AEB52728363099B6C
:1026300049EAC20983FB043BC1FB053B0C99C1FB82
:102640000E3B0B99C1FB073B0A99C1FB0C3B0D9953
:10265000C1FB083B06998A461946109BCAFB031B1F
:10266000089B9A460B460999CAFB063B19EB0303E4
:102670004FEA537A23F060434BEB5272C3630B9BD8
:102680004AEAC20A83FB0439C1FB05390C99CEFB27
:102690000839C1FB07390A99C1FB06390D99C1FBFD
:1026A0000C3908998B461099CBFB01391AEB0303BF
:1026B0000B994FEA537B23F0604349EB527203645A
:1026C0000C9B4BEAC20B83FB043AC1FB053A0A9907
:1026D000CEFB0C3AC8FB073A89461099C9FB013A70
:1026E00000930D99009BC1FB063A1BEB03034FEAD5
:1026F000537B23F060434AEB527288FB049A436495
:102700000C9B4BEAC20BC3FB059A4B46CEFB063A29
:10271000C7FB0C3A9946109BC1FB039A1BEB0903BC
:1027200010994FEA537923F060434AEB5272836465
:102730008CFB043A49EAC209C8FB053A9846CEFB2D
:10274000018A4346C7FB063A19EB03034FEA537E5F
:1027500023F060434AEB5272C36484FB063A4EEAAC
:10276000C20ECCFB053A9C46C7FB01CA1EEB0C0E01
:102770004AEB527A84FB01424FEA5E732EF06047C7
:10278000C6FB054243EACA0307651C1942EB5A72AD
:10279000630F24F0604443EAC2034465520FC5FB53
:1027A0000132590F23F0604341EAC201C0E91631FA
:1027B00013B0BDE8F08F00BFD0E90012836802EBD0
:1027C000617221F0604103EB627C22F06042C0E95B
:1027D0000012D0E90331426903EB6C7301EB6371C2
:1027E00023F0604310B42CF0604402EB617C21F0D4
:1027F00060418269C36002EB6C72C36901612CF0B5
:1028000060418460416103EB627122F0604221F01B
:1028100060448261C461D0E9083203EB6173816A6C
:1028200002EB637223F0604301EB627122F06042BD
:102830000362426221F06044C26A02EB6172C0E945
:102840000A425DF8044B7047F0B5034600F1400EB4
:102850001C69D3E90061D3E9022501EB667126F01A
:102860006046203302EB617243F8206C21F0604136
:1028700005EB627522F0604743F81C1C04EB65749D
:1028800025F0604653F80C5C53F8081C05EB647C9B
:1028900053F8042C24F0604543F8187C01EB6C716C
:1028A0002CF0604443F8105C02EB61721D6843F841
:1028B000146C21F0604143F80C4C05EB62757345D4
:1028C00022F0604243F8081C43E90125C0D1826C24
:1028D000D0E9101303EB617321F0604102EB6374E4
:1028E00023F06043C0E91013D0E91321436D24F0B5
:1028F000604502EB6472856401EB627122F0604214
:1029000003EB6174836D21F06041C26403EB647377
:10291000C26D016524F0604102EB637223F06043F5
:102920004165C0E91632F0BD2DE9F041034600F5DE
:10293000087E9F68DE689969D3E9004202EB6478FB
:1029400024F0604407EB68771C601C6928F060483D
:1029500006EB677627F0604C04EB667426F0604760
:102960005E69DF60C3E9018C06EB647C24F060469D
:10297000D3E9072501EB6C7120332CF0604443F858
:10298000106C02EB6172734521F0604143F80C4C0E
:1029900005EB627522F0604243F8081C43E901250B
:1029A000C7D1D0E98813D0F8282203EB617321F056
:1029B000604102EB637423F06043C0E98813D0E9FF
:1029C0008B21D0F8343224F0604502EB6472C0F8F9
:1029D000285201EB627122F0604203EB6174D0F87F
:1029E000383221F06041C0F82C2203EB6473D0F838
:1029F0003C22C0F8301224F0604102EB637223F0F5
:102A00006043C0F83412C0E98E32BDE8F08100BFE7
:102A10002DE9F04F0F68A5B0D1E90596D1E90784FB
:102A200087FB073200960492CE6A01940396D1E99F
:102A3000015CD1E909A4D1E903E2590F23F0604315
:102A400002920360049B41EAC30BCDF88CB087FB74
:102A500005B31BEB0B0BCDF84CB043EB030B87FB23
:102A60000C23CDF850B0921885FB05B15B4112EBF9
:102A70000B0B43EB0106CDF814B085FB0CB30299A8
:102A80000696C7FB0EB31BEB0B0BCDF854B043EB14
:102A9000030B85FB0E23CDF858B0C7FB01238CFB3D
:102AA0000CB192185B4112EB0B0B43EB0102029944
:102AB000CDF81CB085FB01B30892C7FB09B3CCFB72
:102AC0000EB31BEB0B0BCDF85CB043EB030B85FB9C
:102AD0000923CDF860B0009EC7FB06230E46CCFB51
:102AE00001238EFB0EB192185B4112EB0B0B43EBF3
:102AF0000103CDF824B031460A93009B85FB03B354
:102B0000C7FB08B3CEFB06B3CCFB09B31BEB0B0B27
:102B1000019ECDF864B043EB030B85FB0823CDF891
:102B200068B0C7FB0623009ECEFB0923CCFB06231F
:102B30000E46921881FB01B15B4112EB0B0B43EB8C
:102B40000101019BCDF82CB00C9185FB03B30099DA
:102B5000C7FB0AB3CEFB01B3CCFB08B3C6FB09B37A
:102B60001BEB0B0B3146019ECDF86CB043EB030B16
:102B700085FB0A23CDF870B0C7FB0423CEFB0823E6
:102B8000CCFB0623009EC1FB062389FB09B19218EA
:102B9000039E5B4112EB0B0B019A43EB0101CDF855
:102BA00034B085FB04B30E91C7FB06B3029FCEFB86
:102BB00002B3009ACCFB0AB30099C9FB02B3C7FB6E
:102BC00008B31BEB0B0BCDF874B043EB030B8CFB82
:102BD0000423CDF878B0C5FB0623019DC7FB052370
:102BE00081FB0151CEFB0A23C9FB082392185B41EC
:102BF0005219009D43EB0103019902920F938EFB42
:102C000004B3CCFB06B3C9FB01B3C7FB0AB3C5FBD6
:102C100008B31BEB0B0C0D46CDF87CC043EB030C4B
:102C200087FB0423CDF880C00099CEFB0623C1FBAF
:102C3000052388FB0851C9FB0A2392185B415219EE
:102C400043EB010310920199009A119389FB04B39D
:102C5000C7FB06B3C8FB01B3C2FB0AB31BEB0B07F0
:102C6000219743EB030782FB043222970F46C9FBEF
:102C7000063281FB0151C8FB0A32DB1888FB04E9EC
:102C800052415B1987FB04C542EB0101009A019395
:102C9000C8FB06C5C2FB06E9C7FB0AE91EEB0E0E20
:102CA0008AFB0A231291394649EB09091CEB0C0CEB
:102CB00037468AFB04686D411CEB020CC1FB0768B8
:102CC00045EB0305B61984FB041300953D468AFBCA
:102CD000072748EB080892187F41521884FB051417
:102CE000059D47EB0307239B49189A46139B6441B4
:102CF0001AEB030B149B9A46049B4AEB53734FEA5F
:102D00005B7A2BF0604B4AEAC30AC0F804B01AEBB6
:102D1000050A069D4FEA5A7B2AF0604A45EB537339
:102D2000159DC0F808A04BEAC30B1BEB050B169DC5
:102D30004FEA5B7A2BF0604B45EB5373079DC0F86D
:102D40000CB04AEAC30A1AEB050A089D4FEA5A7BFF
:102D50002AF0604A45EB5373179DC0F810A04BEA68
:102D6000C30B1BEB050B189D4FEA5B7A2BF0604BF6
:102D700045EB5373099DC0F814B04AEAC30A1AEB35
:102D8000050A0A9D4FEA5A7B2AF0604A45EB5373C5
:102D9000199DC0F818A04BEAC30B1BEB050B1A9D3D
:102DA0004FEA5B7A2BF0604B45EB53730B9DC0F8F9
:102DB0001CB04AEAC30A1AEB050A0C9D4FEA5A7B7B
:102DC0002AF0604A45EB53731B9DC0F820A04BEAE4
:102DD000C30B1BEB050B1C9D4FEA5B7A2BF0604B82
:102DE00045EB53730D9DC0F824B04AEAC30A1AEBB1
:102DF000050A0E9D4FEA5A7B2AF0604A45EB537351
:102E00001D9DC0F828A04BEAC30B1BEB050B1E9DB4
:102E10004FEA5B7A2BF0604B45EB5373029DC0F891
:102E20002CB04AEAC30A1AEB050A0F9D4FEA5A7BF7
:102E30002AF0604A45EB53731F9DC0F830A04BEA5F
:102E4000C30B1BEB050B209D4FEA5B7A2BF0604B0D
:102E500045EB5373109DC0F834B04AEAC30A1AEB2D
:102E6000050A119D4FEA5A7B2AF0604A45EB5373DD
:102E7000219DC0F838A04BEAC30B1BEB050B229D2C
:102E80004FEA5B7A2BF0604B45EB5373019DC0F822
:102E90003CB04AEAC30A1AEB050A129D4FEA5A7B74
:102EA0002AF0604A45EB5373009DC0F840A04BEAFE
:102EB000C30B1BEB0E0E49EB53734FEA5E7A2EF0F9
:102EC000604E4AEAC30AC0F844E01AEB0C0C45EB2A
:102ED00053752CF060434FEA5C7E83644EEAC50E66
:102EE0001EEB060648EB55784FEA567C26F0604606
:102EF0004CEAC80CC6641CEB020247EB5877530F30
:102F000022F0604243EAC70302655B18039944EB71
:102F100057745A0F23F0604342EAC4024365640FBA
:102F2000C1FB0124530F22F0604243EAC403C0E90D
:102F3000162325B0BDE8F08F00232DE9F0439C4611
:102F40008046864601F59075CE680EF1100ED1E9E7
:102F5000010751F8104BC4FB023C5C0F4FEA6C793F
:102F600023F0604344EACC048D424EF8103CC0FB91
:102F700002494FEA54734FEA697C24F0604443EA03
:102F8000C9034EF80C4CC7FB023C1C464FEA537376
:102F90004FEA6C7724F0604443EACC034EF8084CC7
:102FA000C6FB02379C464FEA53732CF060444FEA4D
:102FB000677C43EAC7034EF8044CC5D123F0604355
:102FC000C8F82031BDE8F083F0B5044694460846C1
:102FD00001F18005A646DCF800700EF1200E0668AF
:102FE0000CF1200C1F402030F61BA8424EF8206C3C
:102FF0005CF81C6C50F81C7C06EA0306A7EB06067E
:103000004EF81C6C5CF8186C50F8187C06EA030645
:10301000A7EB06064EF8186C5CF8146C50F8147C9C
:1030200006EA0306A7EB06064EF8146C5CF8106C73
:1030300050F8107C06EA0306A7EB06064EF8106C63
:103040005CF80C6C50F80C7C06EA0306A7EB06064D
:103050004EF80C6C5CF8086C50F8087C06EA030625
:10306000A7EB06064EF8086C5CF8046C50F8047C7C
:1030700006EA0306A7EB06064EF8046CABD1D2F8BD
:10308000800003EA0005D1F88000401BC4F88000EE
:10309000D2F8840003EA0005D1F88400401BC4F88C
:1030A0008400D2F8880003EA0005D1F88800401BAC
:1030B000C4F88800D2F88C00D1F88C200340D31AD1
:1030C000C4F88C30F0BD00BFF0B54FF0000E0D1FFE
:1030D00000F18C07011F764651F8043F55F8044F64
:1030E0004FEAE37CC4FB023C13EB0E0346EB0C0CF3
:1030F00023F060444FEA537E8F424FEA6C760C60B7
:103100004EEACC0EE8D1D0F890307344C0F890303D
:10311000F0BD00BF00232DE9F0439C46864601F137
:103120009005CE680EF1100ED1E9018751F8104BD1
:10313000C4FB023C5C0F4FEA6C7923F0604344EA25
:10314000CC048D424EF8103CC8FB02494FEA547340
:103150004FEA697C24F0604443EAC9034EF80C4C02
:10316000C7FB023C1C464FEA53734FEA6C7724F0CE
:10317000604443EACC034EF8084CC6FB02379C4639
:103180004FEA53732CF060444FEA677C43EAC7036D
:103190004EF8044CC5D123F06043C0F89030BDE830
:1031A000F08300BFF0B504469446084601F180055F
:1031B000A646DCF800600EF1200E07680CF1200C2A
:1031C0001E4020303E44A8424EF8206C5CF81C6C37
:1031D00050F81C7C06EA03063E444EF81C6C5CF872
:1031E000186C50F8187C06EA03063E444EF8186C3A
:1031F0005CF8146C50F8147C06EA03063E444EF862
:10320000146C5CF8106C50F8107C06EA03063E441F
:103210004EF8106C5CF80C6C50F80C7C06EA030657
:103220003E444EF80C6C5CF8086C50F8087C06EADA
:1032300003063E444EF8086C5CF8046C50F8047CBD
:1032400006EA03063E444EF8046CB2D1D2F8800080
:10325000D1F8805018402844C4F88000D2F8840087
:10326000D1F8845018402844C4F88400D2F888006B
:10327000D1F8885018402844C4F88800D2F88C004F
:10328000D1F88C2003401344C4F88C30F0BD00BF4B
:103290002DE9F0430022A0F59079D0F81C5153425B
:1032A000D1F81C712038D0F83861ED1BD1F81471B9
:1032B00025EA2373D1F818511A43761BD0F83451FC
:1032C0005342A5EB070ED0F8307126EA2373D1F8EC
:1032D00004611343D0F828219446D1F80821ACEBBF
:1032E0000208D0F82421D0F820C1961BD1F8002183
:1032F000ACEB020C5A422EEA2272D1E94345134349
:1033000020397D1BD0F82C715A428145A7EB040768
:1033100025EA227242EA0302C2F1000E27EA2E7E5B
:103320004EEA0202C2F1000E28EA2E7E4EEA020E9A
:10333000CEF1000226EA227242EA0E0ECEF100021F
:103340002CEA227242EA0E02A7D11046BDE8F083B1
:1033500030B501F5907E156820300C68203203EA04
:10336000050C2031A4EB0C04714540F8204C52F8B8
:103370001C5C51F81C4C03EA050CA4EB0C0440F84F
:103380001C4C52F8185C51F8184C03EA050CA4EBDD
:103390000C0440F8184C52F8145C51F8144C03EA31
:1033A000050CA4EB0C0440F8144C52F8105C51F8D6
:1033B000104C03EA050CA4EB0C0440F8104C52F836
:1033C0000C5C51F80C4C03EA050CA4EB0C0440F81F
:1033D0000C4C52F8085C51F8084C03EA050CA4EBBD
:1033E0000C0440F8084C52F8044C51F8045C04EA10
:1033F0000304A5EB040440F8044CACD130BD00BF7D
:10340000F0B54FF0000E0D1F00F58E77011F7646C8
:1034100051F8043F55F8044F4FEAE37CC4FB023CEB
:1034200013EB0E0346EB0C0C23F060444FEA537E83
:103430008F424FEA6C760C604EEACC0EE8D1D0F8A1
:1034400020317344C0F82031F0BD00BF2DE9F041B8
:10345000034600F5807E9F68DE689969D3E90042E3
:1034600002EB647824F0604407EB68771C601C6909
:1034700028F0604806EB677627F0604C04EB667432
:1034800026F060475E69DF60C3E9018C06EB647C6F
:1034900024F06046D3E9072501EB6C7120332CF052
:1034A000604443F8106C02EB6172734521F0604197
:1034B00043F80C4C05EB627522F0604243F8081C9F
:1034C00043E90125C7D1D0F80831D0E9404202EBE9
:1034D000647224F0604403EB627122F06042C0E940
:1034E0004042D0E9433221F0604403EB6173D0F8ED
:1034F0001411C0F8084102EB637223F0604301EB42
:10350000627122F06042C0F80C31C0F8102121F045
:103510006044D0F8182102EB6172C0E94542BDE871
:10352000F08100BFF0B5002500F5907783B08D6085
:1035300050F8043B8B601D2305E0026801353241E1
:10354000CEF80C200430B84201EB850E03F11D04C7
:10355000C3F1200610D0DEF808201F2C019202686B
:1035600002FA03FC019AA3F1030342EA0C02CEF82B
:103570000820E2DC2346E5E7402201F584703F2382
:103580000A6002E00B60013B04D350F8042D002ACE
:10359000F8D04A6800204A6003B0F0BD2DE9F04F32
:1035A000002505601368AB425EDD9368934602F127
:1035B0000C044FF0010C23F070434FF01C0E2E460C
:1035C000036093681B0F436004E0236823FA0EF343
:1035D000C35104340135DBF80030CEF12009AB4291
:1035E0002EDD61452CDD23680CF1010850F82C20FC
:1035F0004FEA8C0703FA09F38845AEF1040943EA60
:10360000020323F0704340F82C3029DA0EF1180E33
:10361000236807F1040ABEF1200F23FA09F326D824
:103620000CF1020C23F07043614540F80A3019DDBB
:10363000BEF1200F07F10807C7D140F82C60C8E79A
:103640000CF1010C61450BDD6FF040420023624438
:1036500000EB82000CF1010C40F8043F6145F9DCFD
:10366000BDE8F08FC446B4E74FF0010CECE7C44668
:10367000CE4640F80A30ACE7F0B5034600F5DE7EF2
:10368000D3E9004202EB247243F8042F734553F848
:10369000042C22F0704243F8042CF1D100254FF4A1
:1036A000BF74082381F87F512E46026881F87F217C
:1036B00004F1010C8C4406E002681A4108330CF84E
:1036C000012DE4B174461B2B04F1FF3EF4DDD3F170
:1036D000240C0E5514BF671C274601356F2D0DDCD9
:1036E00050F8042F7C1E11F807E0CCF1080302FA11
:1036F0000CF242EA0E02CA55002FD9D1F0BDC3F137
:10370000240C2746E9E700BFF0B5034600F1C00EE0
:103710009969DA69D3E90047D3E9026507EB2477B1
:1037200024F0704406EB277627F0704705EB2675EA
:1037300026F0704C1E6AC3F808C0C3E900471C6934
:1037400025F07047203304EB257453F80C5C43F8E4
:10375000147C734505EB247C24F0704501EB2C713F
:103760002CF0704443F8105C02EB217221F07041A0
:1037700043F80C4C06EB227622F0704243F8081C0A
:1037800043E90126C4D1D0F8C820D0E9301303EBB7
:10379000217321F0704102EB237423F07043C0E9E0
:1037A0003013D0E93321D0F8D43024F0704502EB47
:1037B0002472C0F8C85001EB227122F0704203EB72
:1037C0002174D0F8D83021F07041C0F8CC2003EB40
:1037D0002473D0F8DC20C0F8D01024F0704102EB44
:1037E000237223F07043C0F8D410C0E93632F0BD24
:1037F000F0B5034600F1C00E9969DA69D3E90047D4
:10380000D3E9026507EB247724F0704406EB2776B2
:1038100027F0704705EB267526F0704C1E6AC3F83A
:1038200008C0C3E900471C6925F07047203304EB4A
:10383000257453F80C5C43F8147C734505EB247C29
:1038400024F0704501EB2C712CF0704443F8105CAF
:1038500002EB217221F0704143F80C4C06EB22760A
:1038600022F0704243F8081C43E90126C4D1D0F885
:10387000C830D0E9304202EB247224F0704403EBEC
:10388000227122F07042C0E93042D0E9333221F097
:10389000704403EB2173D0F8D410C0F8C84002EB99
:1038A000237223F0704301EB227122F07042C0F8C2
:1038B000CC30C0F8D02021F07044D0F8D82002EBF2
:1038C0002172C0E93542F0BD2DE9F041034600F513
:1038D000D07E9F68DE689969D3E9004202EB2478C4
:1038E00024F0704407EB28771C601C6928F07048AE
:1038F00006EB277627F0704C04EB267426F0704711
:103900005E69DF60C3E9018C06EB247C24F070461D
:10391000D3E9072501EB2C7120332CF0704443F8D8
:10392000106C02EB2172734521F0704143F80C4C8E
:1039300005EB227522F0704243F8081C43E901258B
:10394000C7D1D0E96813D0F8A82103EB217321F087
:10395000704102EB237423F07043C0E96813D0E98F
:103960006B21D0F8B43124F0704502EB2472C0F81A
:10397000A85101EB227122F0704203EB2174D0F8C0
:10398000B83121F07041C0F8AC2103EB2473D0F8BA
:10399000BC21C0F8B01124F0704102EB237223F077
:1039A0007043C0F8B411C0E96E32BDE8F08100BFC9
:1039B0002DE9F041034600F5D07E9F68DE689969E5
:1039C000D3E9004202EB247824F0704407EB287717
:1039D0001C601C6928F0704806EB277627F0704CB5
:1039E00004EB267426F070475E69DF60C3E9018C42
:1039F00006EB247C24F07046D3E9072501EB2C71FB
:103A000020332CF0704443F8106C02EB21727345A4
:103A100021F0704143F80C4C05EB227522F0704206
:103A200043F8081C43E90125C7D1D0E96843D0F821
:103A3000A82103EB247324F0704402EB237123F0DC
:103A40007043C0E96843D0E96B2321F0704402EB76
:103A50002172D0F8B411C0F8A84103EB227322F010
:103A6000704201EB237123F07043C0F8AC21C0E930
:103A70006C31BDE8F08100BF2DE9F04F146899B0BA
:103A8000556896688F6801940295D468CD6803964E
:103A90001669049705940F695469149506964D6943
:103AA0009669079708948F69D46909950A96CD6934
:103AB000166AD1F804900B680B970C949A460D95F2
:103AC0000E960F6A546A4D6AD2F828E00F97119447
:103AD000D76A1095D1F82880D1F82CC0D2E90C45CE
:103AE000D1E90C62CDE91232019B8AFB032A110F46
:103AF00022F0704241EA0A1B02601299CDF854B0DC
:103B000083FB092B029BC1FB032B159B9B18029A7D
:103B10004BEB1A7A4FEA137B23F07043CDF854A095
:103B20004BEA0A1B436082FB093A039AC1FB023A43
:103B3000019A1146049AC1FB023A15991BEB030343
:103B40004AEB117B190F23F0704341EA0B1183609C
:103B5000039B179189FB03A2129B1946059BC1FB8E
:103B600003A2019BCDF858A09A46149B15931946C1
:103B7000169BCAFB01321946029B9A46049BCAFB5C
:103B800003120B461799CB1842EB1B7A129A190FA6
:103B900023F07043CDF850A0C36041EA0A13924667
:103BA000069A1693059B169989FB033BCAFB023BB9
:103BB000029A9246159ACAFB023B039A9246049ACD
:103BC000CAFB023B019A9246079ACAFB023B149A2F
:103BD000CB184BEB127A129A190F23F070439346CD
:103BE000CDF850A0036141EA0A13089A1693069B88
:103BF00089FB033ACBFB023A039A9346159ACBFB17
:103C0000023A049A9346059ACBFB023A019A9346EC
:103C1000099ACBFB023A029A9346079ACBFB023AE7
:103C2000169AD318149A4AEB127B1A0F23F070439A
:103C3000436142EA0B131693089B89FB03A2129B74
:103C400051469A460A9BCAFB0312059B14919A4659
:103C5000159B1946149BCAFB01321946049B9A46D0
:103C6000069BCAFB0312029B9A46099BCAFB0312DE
:103C7000039B9A46079BCAFB0312019B9A460B9B28
:103C8000CAFB03120B461699CB1842EB1B7A129A09
:103C9000190F23F07043CDF850A0836141EA0A1355
:103CA00092460C9A16930A9B89FB033BCAFB023B84
:103CB000159A1146069AC1FB023B049A1699924640
:103CC000089ACAFB023B039A9246099ACAFB023B36
:103CD000059A9246079ACAFB023B019A92460D9AB0
:103CE000CAFB023B029A92460B9ACAFB023B149A09
:103CF000CB184BEB127A129A190F23F07043CDF8C0
:103D000050A0C36141EA0A130E9916930C9B89FBDC
:103D1000033AC2FB013A159A9346089ACBFB023A42
:103D2000049A93460A9ACBFB023A059A9346099A5B
:103D3000CBFB023A069A9346079ACBFB023A029AC9
:103D400093460D9ACBFB023A039A93460B9ACBFB10
:103D5000023A019A93460F9ACBFB023A169AD3186D
:103D6000149A4AEB127B1A0F23F07043036242EA63
:103D70000B1389FB01A21693129B51469A46119B85
:103D8000CAFB03120B46159914918A460A99CAFB7D
:103D900001321946049B9A460C9BCAFB03120B4640
:103DA00006998A460999CAFB013207998A460899F9
:103DB000CAFB01321946039B9A460D9BCAFB0312AC
:103DC0000B4605998A460B99CAFB01321946019B9D
:103DD0009A46109BCAFB0312029B9A460F9BCAFB92
:103DE00003120B461699CB1842EB1B7A129A190F45
:103DF00023F0704341EA0A114362119B159189FB3C
:103E0000033B1499C2FB0E3B0A460C99C2FB013BD3
:103E1000049A0E99C2FB013BDDE90812C1FB023B8B
:103E200007990A9AC1FB023B05990D9AC1FB023B17
:103E300006990B9AC1FB023B029A1099C2FB013B07
:103E4000039A0F99C2FB013B1599019AC2FB083BEB
:103E5000CB18129A4BEB1A714FEA137B23F0704385
:103E600015914BEA011B8362149989FB0E3AC2FB40
:103E7000073A0A460E99C2FB013A049A1146119A72
:103E8000C1FB023ADDE90921C2FB013A07990C9A0C
:103E9000C1FB023A06990D9AC1FB023A08990B9AA6
:103EA000C1FB023A039A1146109AC1FB023A0599E6
:103EB0000F9AC1FB023A019A1599C2FB0C3A029A79
:103EC000C2FB083A1BEB03034AEB117B89FB07A2F9
:103ED000190F23F0704341EA0B11C362129B159135
:103EE0001499C3FB04A253468A461199CAFB0132B6
:103EF0001946049B9A460B460999CAFB0E328A461C
:103F00000C99CAFB013207998A460E99CAFB013205
:103F100008998A460D99CAFB01320A998A460B997B
:103F2000CAFB013205998A461099CAFB01320699EB
:103F30008A460F99CAFB01321946029BC3FB0C1239
:103F4000039B9A460B46CAFB08321146019A9246D9
:103F50000A461599CAFB0632CB1842EB1B7189FB46
:103F600004A24FEA137B23F0704315914BEA011B27
:103F700003631499129BC3FB05A2049BC1FB0EA211
:103F80000999C3FB07A253468A460E99CAFB013220
:103F900007998A461199CAFB01320A998A460D99F6
:103FA000CAFB01320B998A460C99CAFB0132069969
:103FB0008A461099CAFB013208998A460F99CAFBB2
:103FC00001321946039B9A460B460599CAFB0C32EF
:103FD000C1FB08321146019A9246139ACAFB02317C
:103FE000029A92460A461599CAFB06321BEB030356
:103FF0004FEA137A23F0704342EB11710B9A43633B
:10400000049B4AEA011A019183FB043B1499C9FB02
:10401000053B9946079BC3FB0E9B5B4693460E9A56
:10402000C1FB0793CBFB0293099A9346119ACBFBF2
:1040300002930A9A93460F9ACBFB02930C9A9346EB
:104040000D9ACBFB0293069A1099C2FB0893089A2B
:10405000C2FB0193039A0599C2FB0693029AC1FB26
:104060000C931399C2FB019301991AEB090A43EBD4
:10407000117314994FEA1A7B1A462AF07043019281
:104080004BEA021B8363049A81FB0439C2FB0539A6
:10409000099AC2FB0E39079AC2FB07390D9A92465C
:1040A0000E9ACAFB02390B9A9246119ACAFB023940
:1040B0000A9A9246109ACAFB02390C9A92460F9AB3
:1040C000CAFB0239069AC2FB0C39089AC2FB0839AE
:1040D000039A9246139ACAFB0239059AC2FB063923
:1040E0001BEB0303019A4FEA137B23F0704349EB68
:1040F0001272C363079B4BEA021B83FB043AC1FBAA
:10410000053A0B99C1FB0E3A0999C1FB073A0E9982
:1041100089460F99C9FB013A0D9989461199C9FB46
:10412000013A0A99C1FB083A0C9989461099C9FBD2
:10413000013A0699C1FB063A0899C1FB0C3A059968
:1041400089461399C9FB013A1BEB030307994FEA10
:10415000137923F070434AEB12720364099B49EA16
:10416000021983FB043BC1FB053B0D99C1FB0E3BD0
:104170000B99C1FB073B0E998A461099CAFB013B7C
:104180000F998A461199CAFB013B0A99C1FB0C3B66
:104190000C99C1FB083B06998A461946139BCAFB3A
:1041A000031B089B9A460B460999CAFB063B19EB71
:1041B00003034FEA137A23F070434BEB127243640C
:1041C0000B9B4AEA021A83FB0439C1FB05390F999C
:1041D000C1FB0E390D99C1FB07390E99C1FB083996
:1041E00011998B461099CBFB01390A99C1FB06390D
:1041F0000C99C1FB0C3908998B461399CBFB0139FB
:104200001AEB03030B994FEA137B23F0704349EB3E
:10421000127283640D9B4BEA021B83FB043AC1FBC1
:10422000053A1099C1FB0E3A0F99C1FB073A0E9956
:10423000C1FB0C3A1199C1FB083A0A998946194603
:10424000139BC9FB031A0C9B99460B460D99C9FB9E
:10425000063A1BEB03034AEB12790F9A4FEA137BE2
:1042600023F07043C3644BEA091B82FB0432C1FB99
:1042700005321099CEFB0832C1FB07320E99C1FB03
:1042800006321199C1FB0C320C998A461399CAFB6C
:1042900001321BEB03030F9942EB19724FEA1379BA
:1042A00023F07043036549EA0219109B83FB043A2B
:1042B000C1FB053A0E99CEFB0C3AC8FB073A8B4678
:1042C0001399CBFB013A01931199019BC1FB063A6B
:1042D00019EB030929F070434AEB12724FEA197B7C
:1042E00088FB04A94365109B4BEA021BC3FB05A98D
:1042F0005346CEFB0639C7FB0C399A46139BC1FBCC
:1043000003A91BEB0A0313994FEA137A23F07043B6
:1043100049EB127283658CFB04394AEA021AC8FB26
:1043200005399B46C846CEFB01B85B46C646C7FB6F
:10433000063E1AEB03034EEB12724FEA137E23F094
:104340007043C3654EEA021E84FB063ACCFB053A75
:104350009C46C7FB01CA1EEB0C0E4AEB127A84FB8B
:1043600001424FEA1E732EF07047C6FB054243EA36
:104370000A1307661C1942EB1A72230F24F07044CB
:1043800043EA02134466120FC5FB0132190F23F0F2
:10439000704341EA0211C0E91A3119B0BDE8F08F4B
:1043A000D0E90013826803EB217321F0704102EB26
:1043B000237C23F07043C0E90013D0E90321436953
:1043C00002EB2C7201EB227122F0704210B42CF03F
:1043D000704403EB217C21F070418369C26003EBE0
:1043E0002C73C26901612CF0704102EB237C23F035
:1043F000704341618361836A84602CF07044D0E92A
:104400000821C46102EB2C725DF8044B01EB2271B0
:1044100022F0704203EB217CC36A026221F07041FA
:1044200003EB2C73026B41622CF0704102EB2372A0
:1044300023F070438162C36222F07041436B03EB4F
:104440002273C0E90C137047F0B5034600F1600E0B
:104450001C69D3E90076D3E9022506EB277627F01D
:10446000704702EB267226F0704605EB227522F0AB
:104470007041C3E9007604EB257425F070475D694F
:10448000C3E9021705EB247C996924F0704501EB20
:104490002C712CF070441D61D3E90726203302EB08
:1044A000217221F07041734543F80C4C06EB2276E3
:1044B00022F0704243F8081C43E90126C8D1826EFD
:1044C000D0E9181303EB217321F0704102EB237242
:1044D00023F07043C0E91813C36E22F0704103EB60
:1044E0002273C0E91A13F0BD2DE9F041034600F52F
:1044F000587E9F68DE689969D3E9004202EB247810
:1045000024F0704407EB28771C601C6928F0704881
:1045100006EB277627F0704C04EB267426F07047E4
:104520005E69DF60C3E9018C06EB247C24F07046F1
:10453000D3E9072501EB2C7120332CF0704443F8AC
:10454000106C02EB2172734521F0704143F80C4C62
:1045500005EB227522F0704243F8081C43E901255F
:10456000C7D1D0E9D813D0F8682303EB217321F029
:10457000704102EB237423F07043C0E9D813D0E9F3
:10458000DB21D0F8743324F0704502EB2472C0F8BC
:10459000685301EB227122F0704203EB2174D0F8D2
:1045A000783321F07041C0F86C2303EB2473D0F80A
:1045B0007C23C0F8701324F0704102EB237223F0C7
:1045C0007043C0F87413C0E9DE32BDE8F08100BF6B
:1045D0002DE9F04F0F68AFB08C6987FB0732039469
:1045E00008924A69D1E90764D1E9015C0194069215
:1045F000D1E90BA4D1E903E9D1E9098202944C6B1A
:10460000190F23F07043049205940360089B41EA5C
:10461000031BCDF8B4B087FB05B31BEB0B0BCDF838
:1046200064B043EB030B87FB0C23CDF868B0921802
:1046300085FB05B15B4112EB0B0B43EB0104CDF89D
:1046400024B085FB0CB30A94C7FB0EB31BEB0B0B1A
:10465000CDF86CB043EB030B85FB0E23CDF870B0A7
:10466000C7FB09238CFB0CB192185B4112EB0B0BBF
:1046700043EB0101CDF82CB085FB09B30C910699F1
:10468000019CC7FB01B3CCFB0EB31BEB0B0B0796D6
:10469000CDF874B043EB030B85FB01230399CDF8F0
:1046A00078B0C7FB01238EFB0EB1CCFB0923921817
:1046B0005B4112EB0B0B039A43EB0103CDF834B0D3
:1046C00006990E9385FB02B3C7FB06B3CEFB09B375
:1046D000CCFB01B31BEB0B0BCDF87CB043EB030B16
:1046E00085FB0623CDF880B0C7FB0423CEFB012356
:1046F0000399049CCCFB012389FB09B192185B410F
:1047000012EB0B0B039A43EB01030199CDF83CB07C
:10471000109385FB01B30699C7FB08B3CEFB02B328
:10472000CCFB06B3C9FB01B31BEB0B0BCDF884B07C
:1047300043EB030B85FB0823CDF888B0C7FB0423AC
:10474000CEFB0623019E0C4681FB01B1CCFB062368
:10475000039EC9FB062392185B4112EB0B0B019AD7
:1047600043EB0106049BCDF844B02146129685FB2D
:1047700003B3039EC7FB0AB3CEFB02B3CCFB08B363
:10478000C4FB06B3079E029CC9FB06B31BEB0B0BD5
:10479000CDF88CB043EB030B85FB0A23CDF890B02A
:1047A000C7FB0423049CCEFB0823CCFB0423C1FBE2
:1047B00006230199039EC9FB0123921886FB06B1CB
:1047C000059C5B41019E12EB0B0B049A43EB01012C
:1047D000029BCDF84CB0149185FB03B30699C7FB3F
:1047E00004B3039FCEFB02B3CCFB0AB3C1FB06B3F9
:1047F000079E029AC9FB08B3C7FB06B31BEB0B0B62
:10480000CDF894B043EB030B8CFB0223CDF898B0AA
:10481000C5FB0423049CC9FB0423019CCEFB0A2393
:10482000C7FB04230F46C1FB082386FB06519218E1
:10483000049C5B415519019A069543EB01050299C9
:1048400007958EFB01B3059D3946CCFB05B3C7FB2D
:1048500004B3039FC9FB0AB3C6FB02B3049CC7FBA6
:1048600008B31BEB0B0CCDF89CC043EB030C029B75
:10487000CDF8A0C089FB0323CEFB0523C7FB04238F
:104880000F46C1FB0A230199C6FB0823921881FB3E
:1048900001515B415519029A43EB0101159587FBC4
:1048A00002B3254616913946059A039FC9FB02B308
:1048B000C6FB04B3019CC7FB0AB3C4FB08B31BEBE4
:1048C0000B0C059CCDF8A4C043EB030C029BCDF868
:1048D000A8C087FB0323C1FB04232946019DC5FB18
:1048E000012388FB0851C6FB0A2392185B41551926
:1048F000019A039543EB01050299179586FB01B3D5
:10490000049DC7FB04B3C8FB05B3C2FB0AB31BEB92
:104910000B072B9743EB030782FB01322C97C6FB57
:1049200004322E46C8FB0A3285FB0551DB18524182
:104930005F19019B049742EB0107029A31461897D1
:1049400088FB02E981FB02C5C3FB04E9C6FB0AE957
:104950001EEB0E0EC8FB04C516468AFB0A2349EB64
:1049600009091CEB0C0C8AFB06686D411CEB020C60
:10497000C1FB04688AFB042745EB0305B619029BBB
:1049800048EB0808921883FB03137F415118029AE1
:1049900047EB030701912D9B82FB0414099A4918E8
:1049A0009A46199B64411AEB030B1A9B9A46089B83
:1049B0004AEB13734FEA1B7A2BF0704B4AEA031A47
:1049C000C0F804B01AEB020A0A9A4FEA1A7B2AF0DE
:1049D000704A42EB13731B9AC0F808A04BEA031B02
:1049E0001BEB020B1C9A4FEA1B7A2BF0704B42EB2D
:1049F0001373C0F80CB04AEA031A0B9A1AEB020AB6
:104A00000C9A4FEA1A7B2AF0704A42EB13731D9AF4
:104A1000C0F810A04BEA031B1BEB020B1E9A4FEAD7
:104A20001B7A2BF0704B42EB13730D9AC0F814B045
:104A30004AEA031A1AEB020A0E9A4FEA1A7B2AF084
:104A4000704A42EB13731F9AC0F818A04BEA031B7D
:104A50001BEB020B209A4FEA1B7A2BF0704B42EBB8
:104A600013730F9AC0F81CB04AEA031A1AEB020A31
:104A7000109A4FEA1A7B2AF0704A42EB1373219A7C
:104A8000C0F820A04BEA031B1BEB020B229A4FEA53
:104A90001B7A2BF0704B42EB1373119AC0F824B0C1
:104AA0004AEA031A1AEB020A129A4FEA1A7B2AF010
:104AB000704A42EB1373239AC0F828A04BEA031BF9
:104AC0001BEB020B249A4FEA1B7A2BF0704B42EB44
:104AD0001373139AC0F82CB04AEA031A1AEB020AAD
:104AE000149A4FEA1A7B2AF0704A42EB1373259A04
:104AF000C0F830A04BEA031B1BEB020B269A4FEACF
:104B00001B7A2BF0704B42EB1373069AC0F834B04B
:104B10004AEA031A1AEB020A079A4FEA1A7B2AF0AA
:104B2000704A42EB1373C0F838A04BEA031B279A74
:104B30001BEB020B289A4FEA1B7A2BF0704B42EBCF
:104B40001373159AC0F83CB04AEA031A1AEB020A2A
:104B5000169A4FEA1A7B2AF0704A42EB1373299A8D
:104B6000C0F840A04BEA031B1BEB020B2A9A4FEA4A
:104B70001B7A2BF0704B42EB1373039AC0F844B0CE
:104B80004AEA031A1AEB020A179A4FEA1A7B2AF02A
:104B9000704A42EB13732B9AC0F848A04BEA031BF0
:104BA0001BEB020B2C9A4FEA1B7A2BF0704B42EB5B
:104BB0001373049AC0F84CB04AEA031A1AEB020ABB
:104BC000189A4FEA1A7B2AF0704A42EB1373C0F826
:104BD00050A04BEA031B1BEB0E0E49EB13734FEA7D
:104BE0001E7A2EF0704E4AEA031AC0F854E01AEB0F
:104BF0000C0C45EB13752CF070434FEA1C7E83655B
:104C00004EEA051E019B1EEB060648EB15784FEA9F
:104C1000167C26F070464CEA081CC6651CEB0302A5
:104C200047EB1877130F22F0704243EA071302662E
:104C30005B1844EB17741A0F23F0704342EA041216
:104C40004366240F059BC3FB0324130F22F070421D
:104C500043EA0413C0E91A232FB0BDE8F08F00BF68
:104C600000232DE9F0439C468046864601F5E07519
:104C7000CE680EF1100ED1E9010751F8104BC4FBBC
:104C8000023C1C0F4FEA2C7923F0704344EA0C14C9
:104C90008D424EF8103CC0FB02494FEA14734FEAB4
:104CA000297C24F0704443EA09134EF80C4CC7FBEE
:104CB000023C1C464FEA13734FEA2C7724F07044F1
:104CC00043EA0C134EF8084CC6FB02379C464FEAE9
:104CD00013732CF070444FEA277C43EA07134EF815
:104CE000044CC5D123F07043C8F8C031BDE8F0834F
:104CF00030B501F1E00E156820300C68203203EA6F
:104D0000050C2031A4EB0C04714540F8204C52F8FE
:104D10001C5C51F81C4C03EA050CA4EB0C0440F895
:104D20001C4C52F8185C51F8184C03EA050CA4EB23
:104D30000C0440F8184C52F8145C51F8144C03EA77
:104D4000050CA4EB0C0440F8144C52F8105C51F81C
:104D5000104C03EA050CA4EB0C0440F8104C52F87C
:104D60000C5C51F80C4C03EA050CA4EB0C0440F865
:104D70000C4C52F8085C51F8084C03EA050CA4EB03
:104D80000C0440F8084C52F8044C51F8045C04EA56
:104D90000304A5EB040440F8044CACD130BD00BFC3
:104DA000F0B54FF0000E0D1F00F1DC07011F764635
:104DB00051F8043F55F8044F4FEAE37CC4FB023C32
:104DC00013EB0E0346EB0C0C23F070444FEA137EFA
:104DD0008F424FEA2C760C604EEA0C1EE8D1D0F8D8
:104DE000E0307344C0F8E030F0BD00BF00232DE98F
:104DF000F0439C46864601F1E005CE680EF1100EA8
:104E0000D1E9018751F8104BC4FB023C1C0F4FEA5B
:104E10002C7923F0704344EA0C148D424EF8103C78
:104E2000C8FB02494FEA14734FEA297C24F070440E
:104E300043EA09134EF80C4CC7FB023C1C464FEAF0
:104E400013734FEA2C7724F0704443EA0C134EF8A6
:104E5000084CC6FB02379C464FEA13732CF0704493
:104E60004FEA277C43EA07134EF8044CC5D123F0E0
:104E70007043C0F8E030BDE8F08300BF01F1E00C02
:104E800030B4146820300D6820321C4020312C448E
:104E9000614540F8204C52F81C4C51F81C5C04EA67
:104EA00003042C4440F81C4C52F8184C51F8185C80
:104EB00004EA03042C4440F8184C52F8144C51F8FE
:104EC000145C04EA03042C4440F8144C52F8104CCF
:104ED00051F8105C04EA03042C4440F8104C52F8DA
:104EE0000C4C51F80C5C04EA03042C4440F80C4CC4
:104EF00052F8084C51F8085C04EA03042C4440F8CA
:104F0000084C52F8044C51F8045C04EA03042C44A5
:104F100040F8044CB5D130BC704700BF2DE9F043D8
:104F20000022A0F5E079D0F8BC515342D1F8BC7111
:104F30002038D0F8D861ED1BD1F8B47125EAE363CD
:104F4000D1F8B8511A43761BD0F8D4515342A5EB8F
:104F5000070ED0F8D07126EAE363D1F8A4611343B9
:104F6000D0F8C8219446D1F8A821ACEB0208D0F8BB
:104F7000C421D0F8C0C1961BD1F8A021ACEB020C23
:104F80005A422EEAE262D1E96B45134320397D1B78
:104F9000D0F8CC715A428145A7EB040725EAE262BA
:104FA00042EA0302C2F1000E27EAEE6E4EEA020266
:104FB000C2F1000E28EAEE6E4EEA020ECEF10002B9
:104FC00026EAE26242EA0E0ECEF100022CEAE2622A
:104FD00042EA0E02A7D11046BDE8F08330B501F5D4
:104FE000E07E156820300C68203203EA050C203181
:104FF000A4EB0C04714540F8204C52F81C5C51F8AD
:105000001C4C03EA050CA4EB0C0440F81C4C52F8B1
:10501000185C51F8184C03EA050CA4EB0C0440F89A
:10502000184C52F8145C51F8144C03EA050CA4EB2C
:105030000C0440F8144C52F8105C51F8104C03EA80
:10504000050CA4EB0C0440F8104C52F80C5C51F821
:105050000C4C03EA050CA4EB0C0440F80C4C52F881
:10506000085C51F8084C03EA050CA4EB0C0440F86A
:10507000084C52F8044C51F8045C04EA0304A5EB14
:10508000040440F8044CACD130BD00BFF0B54FF083
:10509000000E0D1F00F5DE77011F764651F8043F24
:1050A00055F8044F4FEAE37CC4FB023C13EB0E03BC
:1050B00046EB0C0C23F070444FEA137E8F424FEA0C
:1050C0002C760C604EEA0C1EE8D1D0F8C031734447
:1050D000C0F8C031F0BD00BFF0B5002500F5E077A5
:1050E00083B08D6050F8043B8B601C2305E00268A0
:1050F00001353241CEF80C200430B84201EB850E68
:1051000003F11C04C3F1200610D0DEF808201F2C88
:105110000192026802FA03FC019AA3F1040342EA35
:105120000C02CEF80820E2DC2346E5E7602201F518
:10513000C4705F230A6002E00B60013B04D350F8A7
:10514000042D002AF8D04A6800204A6003B0F0BD60
:105150002DE9F84F804600F58E790D461646C24679
:1051600008F58C7744464846FCF73AFF226820460B
:10517000294606FB02F222F06042FEF741F954F89C
:10518000042B2368A74203EB62732360EED1D8F8A7
:1051900018213846294608F5807406FB02F2C2F34E
:1051A0001102FEF72DF9D8E9460202EB607220F0F9
:1051B0006040D317D602DB02C8E94602801443EAF6
:1051C0005253361843F10003DAF820E1720FDAF88F
:1051D00024C126F060464FEAEE710AF1200A42EA45
:1051E000C3024AF8206C4FEACE27C902B8184FEA2A
:1051F000EC7641EA5E51DAF808714FEA507E20F011
:10520000604041EBE3714FEACC224AF81C0C4EEAB5
:10521000C10EF60212EB0E024FEAE77046EA5C5648
:105220004FEA527322F0604246EBE171DAF80C610A
:105230004FEAC72B4AF8182C43EAC103C0021BEB04
:1052400003034FEAE67E40EA57504FEA537223F0D9
:10525000604340EBE177DAF81001F1024AF8143CC0
:1052600042EAC7024FEACE2E89184FEAC02B4EEA17
:10527000565E4FEA517221F060414EEBE77CDAF85E
:105280001471C6174AF8101C42EACC02F6021BEB56
:1052900002024FEAE77346EA50564FEA527122F093
:1052A000604246EBEC7CF8024AF80C2C41EACC0157
:1052B000DB02401843EA5753DAF818714FEA50718D
:1052C00020F0604043EBEC7CFA174AF8080CFE0231
:1052D000D30241EACC0143EA5753DAF81C71721841
:1052E0004FEAE77143EBEC73500F22F06042FE028D
:1052F00040EAC3004AF8042CC902361841EA575163
:1053000041EBE37354457FF45FAFD8F82022740F6C
:1053100026F060464846D11744EAC304C8F8006145
:10532000C90241EA5251D202121941EBE374D8F892
:105330002432560F22F06042D91746EAC406C8F854
:105340000421C90241EA5351DB029A19D8F82832E4
:1053500041EBE474D917560F22F06042C90246EAC5
:10536000C406C8F8082141EA5351DB029A19D8F85B
:105370002C3241EBE474D917560F22F06042C90277
:1053800046EAC406C8F80C2141EA5351DB029A19D7
:10539000D8F8303241EBE471540F22F06042C8F883
:1053A0001021DA1744EAC104D20242EA5352DB0266
:1053B0001B1942EBE1715A0F23F0604342EAC1022C
:1053C000C8F81431D8F83432002102EBC3234FF46B
:1053D0008E72C8F818310EF0ABFFD5F81831D8F836
:1053E00018012A46DB43414603444046DB17DB43B2
:1053F000FDF7AEFF4046BDE8F84FFCF7F1BD00BF3A
:105400002DE9F047804600F190090D461646C24648
:1054100008F18C0744464846FCF790FD2268204678
:10542000294606FB02F222F06042FDF74DFE54F8D9
:10543000042B2368A74203EB62732360EED1D8F8F4
:105440008C202946384606FB02F2C2F30802FDF71B
:105450003BFED8E9233101EB637123F06043CA17A7
:105460005C121205C8E923310B0542EA113208F13A
:1054700080011B1942F10006DAF894C05C0FDAF8DB
:10548000987023F060434FEAEC700AF1200A44EA76
:10549000C6044AF8203C4FEA0C52000512194FEAA4
:1054A000E77340EA1C304FEA527422F0604240EB4E
:1054B000E6701E054AF81C2C44EAC004DAF87C2089
:1054C0003B0546EA17361B194FEAE2774FEA0254CA
:1054D00046EBE07023F0604C5B0FDAF880603F052C
:1054E0004AF818CC43EAC00347EA1237E3184FEAF8
:1054F000E6744FEA065247EBE07723F060405B0F1B
:1055000024054AF8140C43EAC70344EA1634DAF8CF
:105510008460D3184FEAE67044EBE77723F0604CE1
:105520005B0FDAF8884032054AF810CC43EAC7032B
:105530000005D3184FEA045240EA163023F0604CBD
:105540004FEAE47640EBE770DAF88C705B0F4AF8CC
:105550000CCC360543EAC00346EA1436D2184FEAAB
:10556000E7744FEA075346EBE07622F06040520FB3
:1055700024054AF8080C42EAC60244EA1734DAF86D
:1055800090709B184FEAE77044EBE67223F060449A
:105590005B0F4FEA075C4AF8044C000543EAC2037C
:1055A00040EA17301CEB030340EBE27651457FF4F1
:1055B00063AFD8F81421590F23F060434846D4173D
:1055C000C8F8803041EAC601130524055918D8F8F7
:1055D000183144EA123444EBE6724C0F21F060417A
:1055E000C8F88410D91744EAC204090541EA133106
:1055F0001B051B1941EBE272590F23F0604341EA8E
:10560000C201C8F88830D8F81C31902201EB035150
:10561000C8F88C1000210EF08BFED5F88C30D8F82D
:105620008C002A46DB43414603444046DB17DB43FC
:10563000FDF7CAFC4046BDE8F047FCF77FBC00BF61
:105640002DE9F84F804600F5DC790D461646C24636
:1056500008F5DA7744464846FEF736F922682046D0
:10566000294606FB02F222F07042FFF70FFD54F8C4
:10567000042B2368A74203EB22732360EED1D8F8F2
:10568000B4213846294608F5D07406FB02F2C2F36D
:105690001302FFF7FBFCD8E96D1202EB217221F037
:1056A0007041D31708151B02C8E96D12110243EAB5
:1056B0001263091843F10003DAF8BCC14FEA117E06
:1056C000DAF8C00121F070414FEAEC774EEA031E90
:1056D000CAF800104FEA0C22DAF8C4113F0212EBAC
:1056E0000E024FEAE07647EA1C674FEA127C22F08E
:1056F000704247EBE3774FEA002ECAF804204CEAE9
:10570000071C36021EEB0C02DAF8C8E146EA106606
:105710004FEA127B22F0704246EBE776C8174BEA5D
:10572000061B0B024FEAEE77000213EB0B034FEA66
:10573000072740EA116047EA1E6740EBE6704FEA30
:105740000E21DAF8CCE14FEA137B23F070434FEAE5
:10575000EE764BEA001B360211EB0B0146EA1E66A1
:1057600047EBE070CAE902234FEA0E22DAF8D031A3
:105770004FEA117E21F070414FEAE37C0AF1200AE2
:105780004EEA001E4AF8101C4FEA032B12EB0E02E1
:105790004FEA0C27DAF8B4E146EBE076100F22F07E
:1057A000704247EA136740EA06104AF80C2C4FEAA9
:1057B000EE731BEB00004FEA0E214FEA032347EB89
:1057C000E67C020F20F0704043EA1E63DAF8B8E18D
:1057D00042EA0C124AF8080C4FEAEE768A184FEAB1
:1057E0000E274FEA062643EBEC73110F22F07042AE
:1057F00046EA1E6641EA03114AF8042C791846EB82
:10580000E37354457FF458AFD8F85C230C0F21F0B4
:105810007041484644EA0314C8F8A011D1170902A0
:1058200041EA12611202121941EBE374D8F86033B5
:10583000160F22F07042D91746EA0416C8F8A421C0
:10584000090241EA13611B029A19D8F8643341EB4B
:10585000E474D917160F22F07042090246EA0416C2
:10586000C8F8A82141EA13611B029A19D8F86833D5
:1058700041EBE471140F22F07042C8F8AC21DA1742
:1058800044EA0114120242EA13621B021B1942EBA2
:10589000E1711A0F23F0704342EA0112C8F8B031E7
:1058A000D8F86C33002102EB03234FF4DC72C8F804
:1058B000B4310EF03DFDD5F8B431D8F8B4012A4624
:1058C000DB43414603444046DB17DB43FFF786FBDF
:1058D0004046BDE8F84FFDF7F7BF00BF2DE9F84F90
:1058E000804600F1DC090D461646C24608F1D8078D
:1058F00044464846FDF708FF22682046294606FB35
:1059000002F222F07042FFF74BFA54F8042B23689E
:10591000A74203EB22732360EED1D8F8D820384693
:10592000294606FB02F222F07F42FFF739FA08F11E
:10593000C000D8E9364202EB247224F07044D31739
:1059400026161B01C8E93642140143EA1273A41952
:1059500043F10007DAF8E060220FDAF8E4C024F03F
:105960007044F3170AF1200A42EA07124AF8204C61
:1059700031011B0189184FEAEC7443EA16734FEAB0
:10598000117621F0704143EBE7734FEA0C124AF8AD
:105990001C1C46EA031624019219DAF8CC6044EA8A
:1059A0001C74DAF8C8C04FEA127122F0704244EB5E
:1059B000E3734FEAEC7E4AF8182C4FEA0C1741EAE1
:1059C00003114FEA0E1E79184FEAE6744EEA1C7E68
:1059D0004FEA117221F070414EEBE37EDAF8D030DD
:1059E00027014AF8141C340142EA0E1247EA1677DE
:1059F00014EB020C4FEAE3764FEA031B47EBEE7E13
:105A0000DAF8D4704FEA1C722CF07044360142EA86
:105A10000E124AF8104C46EA13761BEB02024FEACC
:105A2000E77C4FEA071B46EBEE76110F22F070423F
:105A30004FEA0C1C41EA06114AF80C2C4CEA177C80
:105A4000DAF8D8701BEB01014FEAE7734CEBE6760E
:105A50000A0F21F070413C0142EA06124AF8081C84
:105A60001B01A21843EA1773DAF8DC704FEA1274CC
:105A700022F0704243EBE673F9174AF8042C3E011A
:105A800044EA03140901341941EA177141EBE37741
:105A900050457FF45FAFD8F8A031220F24F0704456
:105AA000484642EA0712C8F8C040DC17240144EA1D
:105AB00013741B019B18D8F8A42144EBE771D41789
:105AC0001E0F23F07043240146EA0116C8F8C430C3
:105AD00044EA1274D8F8A8311201921944EBE17427
:105AE000110F22F07042C8F8C820DA1741EA0411F9
:105AF000120142EA13721B015918D8F8AC3142EB7B
:105B0000E4740A0F21F07041C8F8CC10D91742EAAA
:105B10000412090141EA13711B019A18D8F8B03137
:105B200041EBE471140F22F07042C8F8D020DA176C
:105B300044EA0114120142EA13721B011B1942EBE1
:105B4000E1711A0F23F0704342EA0112C8F8D43011
:105B5000D8F8B431002102EB0313DC22C8F8D830A6
:105B60000EF0E6FBD5F8D830D8F8D8002A46DB434B
:105B7000414603444046DB17DB43FFF7B9F8404694
:105B8000BDE8F84FFDF7C0BD02460B4601F5D07CDD
:105B900030B4D3E90054203220332405634524F087
:105BA000704444EA252442F8204C53F8184C53F82A
:105BB0001C5C4FEA045424F0704444EA252442F863
:105BC0001C4C53F8144C53F8185C4FEA045424F05E
:105BD000704444EA252442F8184C53F8104C53F80A
:105BE000145C4FEA045424F0704444EA252442F83B
:105BF000144C53F80C4C53F8105C4FEA045424F046
:105C0000704444EA252442F8104C53F8084C53F8E9
:105C10000C5C4FEA045424F0704444EA252442F812
:105C20000C4C53F8044C53F8085C4FEA045424F02D
:105C3000704444EA252442F8084C1C6853F8045C7C
:105C40004FEA045424F0704444EA252442F8044CFA
:105C50009FD1D1E9682330BC1B0523F0704343EA90
:105C60002223C0F8A031D1E969231B0523F070433A
:105C700043EA2223C0F8A431D1E96A231B0523F0AB
:105C8000704343EA2223C0F8A831D1E96B231B05F6
:105C900023F0704343EA2223C0F8AC31D1E96C23EE
:105CA0001B0523F0704343EA2223C0F8B031D1E949
:105CB0006D231B0523F0704343EA2223C0F8B4315F
:105CC000D1E96E231B0523F0704343EA2223C0F879
:105CD000B831D1F8BC311B12C0F8BC31704700BFDD
:105CE00000234FF4807C2DE9F04381461E46864612
:105CF00001F56074CD680EF1100ED1E9010751F87D
:105D0000102BC2FB0C361A0F4FEA267823F0704393
:105D100042EA06128C424EF8103CC0FB0C284FEAB7
:105D200012734FEA287622F0704243EA08134EF8C5
:105D30000C2CC7FB0C361A464FEA13734FEA267732
:105D400022F0704243EA06134EF8082CC5FB0C37CC
:105D50001A464FEA137322F070424FEA277643EA5D
:105D600007134EF8042CC5D123F07043C9F88033D3
:105D7000BDE8F08302460B4601F1C00C30B4D3E914
:105D80000054203220332406634524F0704444EA52
:105D9000251442F8204C53F8184C53F81C5C4FEA79
:105DA000046424F0704444EA251442F81C4C53F86F
:105DB000144C53F8185C4FEA046424F0704444EA2D
:105DC000251442F8184C53F8104C53F8145C4FEA61
:105DD000046424F0704444EA251442F8144C53F847
:105DE0000C4C53F8105C4FEA046424F0704444EA0D
:105DF000251442F8104C53F8084C53F80C5C4FEA49
:105E0000046424F0704444EA251442F80C4C53F81E
:105E1000044C53F8085C4FEA046424F0704444EAEC
:105E2000251442F8084C1C6853F8045C4FEA0464DB
:105E300024F0704444EA251442F8044C9FD1D1E97F
:105E4000302330BC1B0623F0704343EA2213C0F812
:105E5000C030D1E931231B0623F0704343EA2213FB
:105E6000C0F8C430D1E932231B0623F0704343EA63
:105E70002213C0F8C830D1E933231B0623F0704346
:105E800043EA2213C0F8CC30D1E934231B0623F0B7
:105E9000704343EA2213C0F8D030D1E935231B0602
:105EA00023F0704343EA2213C0F8D430D1E93623FB
:105EB0001B0623F0704343EA2213C0F8D830D1F810
:105EC000DC301B11C0F8DC30704700BF70B5012A10
:105ED0004FF00004046038D401EB020EA4462346C0
:105EE0000FE040F823400133ACF1140C6F2B2BDC96
:105EF0009EF80020714542FA06F26A6016D050F80A
:105F000023401EF8012DBCF1130F00EB8305CCF1EB
:105F10001C0602FA0CF242EA040222F07044E0D8B5
:105F200071450CF1080C40F82320E8D101336F2BA8
:105F30000ADC6FF040410022194400EB810001337C
:105F400040F8042F702BFAD170BD0123F1E700BF98
:105F500002460B4601F5807C30B4D3E90054203270
:105F60002033A404634524F0604444EAE52442F865
:105F7000204C53F8184C53F81C5C4FEA844424F02E
:105F8000604444EAE52442F81C4C53F8144C53F89E
:105F9000185C4FEA844424F0604444EAE52442F863
:105FA000184C53F8104C53F8145C4FEA844424F016
:105FB000604444EAE52442F8144C53F80C4C53F87E
:105FC000105C4FEA844424F0604444EAE52442F83B
:105FD000104C53F8084C53F80C5C4FEA844424F0FE
:105FE000604444EAE52442F80C4C53F8044C53F85E
:105FF000085C4FEA844424F0604444EAE52442F813
:10600000084C1C6853F8045C4FEA844424F0604454
:1060100044EAE52442F8044C9FD1D1E9402330BC46
:106020009B0423F0604343EAE223C0F80031D1E946
:1060300041239B0423F0604343EAE223C0F8043188
:10604000D1E942239B0423F0604343EAE223C0F8F2
:106050000831D1E943239B0423F0604343EAE22360
:10606000C0F80C31D1E944239B0423F0604343EA98
:10607000E223C0F81031D1E945239B0423F06043AB
:1060800043EAE223C0F81431D1E946239B0423F00C
:10609000604343EAE223C0F81831D1F81C31DB1227
:1060A000C0F81C31704700BF00234FF4006C2DE98D
:1060B000F04381461E46864601F51074CD680EF108
:1060C000100ED1E9010751F8102BC2FB0C365A0F04
:1060D0004FEA667823F0604342EAC6028C424EF8EB
:1060E000103CC0FB0C284FEA52734FEA687622F04E
:1060F000604243EAC8034EF80C2CC7FB0C361A4624
:106100004FEA53734FEA667722F0604243EAC603D0
:106110004EF8082CC5FB0C371A464FEA537322F091
:1061200060424FEA677643EAC7034EF8042CC5D1B4
:1061300023F06043C9F84032BDE8F08302460B46C5
:1061400001F1800C30B4D3E90054203220336402D2
:10615000634524F0604444EA255442F8204C53F847
:10616000184C53F81C5C4FEA442424F0604444EA81
:10617000255442F81C4C53F8144C53F8185C4FEA61
:10618000442424F0604444EA255442F8184C53F85F
:10619000104C53F8145C4FEA442424F0604444EA61
:1061A000255442F8144C53F80C4C53F8105C4FEA49
:1061B000442424F0604444EA255442F8104C53F837
:1061C000084C53F80C5C4FEA442424F0604444EA41
:1061D000255442F80C4C53F8044C53F8085C4FEA31
:1061E000442424F0604444EA255442F8084C1C68D6
:1061F00053F8045C4FEA442424F0604444EA2554F4
:1062000042F8044C9FD1D1E9202330BC5B0223F03B
:10621000604343EA2253C0F88030D1E921235B0276
:1062200023F0604343EA2253C0F88430D1E92223AB
:106230005B0223F0604343EA2253C0F88830D1F870
:106240008C301B15C0F88C30704700BF70B5012A28
:106250004FF00004046038D401EB020EA44623463C
:106260000FE040F823400133ACF1150C472B2BDC39
:106270009EF80020714542FA06F26A6016D050F886
:1062800023401EF8012DBCF1140F00EB8305CCF167
:106290001D0602FA0CF242EA040222F06044E0D841
:1062A00071450CF1080C40F82320E8D10133472B4D
:1062B0000ADC6FF040410022194400EB81000133F9
:1062C00040F8042F482BFAD170BD0123F1E700BF3D
:1062D00001F5E07C10B40B682030146820312032C6
:1062E0001B1B614540F8203C52F81C4C51F81C3CEB
:1062F000A3EB040340F81C3C52F8184C51F8183C2E
:10630000A3EB040340F8183C52F8144C51F8143C29
:10631000A3EB040340F8143C52F8104C51F8103C25
:10632000A3EB040340F8103C52F80C4C51F80C3C21
:10633000A3EB040340F80C3C52F8084C51F8083C1D
:10634000A3EB040340F8083C51F8043C52F8044C19
:10635000A3EB040340F8043CBDD15DF8044B704747
:1063600038B50A46054603466FF0704400F5D07014
:10637000C3E90044C3E90244C3E90444C3E9064451
:1063800020339842F4D1002309482946C5F8B0418A
:10639000C5F8BC31C5E96D03C5E968442846C5E9BF
:1063A0006A44FFF795FF2B6801332B6038BD00BFAF
:1063B000FFFF0F0001F5E07C10B40B68203014687B
:1063C000203120322344614540F8203C52F81C4CD7
:1063D00051F81C3C234440F81C3C52F8184C51F82E
:1063E000183C234440F8183C52F8144C51F8143C23
:1063F000234440F8143C52F8104C51F8103C23440C
:1064000040F8103C52F80C4C51F80C3C234440F836
:106410000C3C52F8084C51F8083C234440F8083C26
:1064200051F8043C52F8044C234440F8043CC4D1D5
:106430005DF8044B704700BF01F1E00C10B40B682D
:1064400020301468203120321B1B614540F8203C6D
:1064500052F81C4C51F81C3CA3EB040340F81C3CC4
:1064600052F8184C51F8183CA3EB040340F8183CC0
:1064700052F8144C51F8143CA3EB040340F8143CBC
:1064800052F8104C51F8103CA3EB040340F8103CB8
:1064900052F80C4C51F80C3CA3EB040340F80C3CB4
:1064A00052F8084C51F8083CA3EB040340F8083CB0
:1064B00051F8043C52F8044CA3EB040340F8043CAC
:1064C000BDD15DF8044B704701F1E00C10B40B68CE
:1064D00020301468203120322344614540F8203CAC
:1064E00052F81C4C51F81C3C234440F81C3C52F818
:1064F000184C51F8183C234440F8183C52F8144CFE
:1065000051F8143C234440F8143C52F8104C51F814
:10651000103C234440F8103C52F80C4C51F80C3C11
:10652000234440F80C3C52F8084C51F8083C2344F2
:1065300040F8083C51F8043C52F8044C234440F81D
:10654000043CC4D15DF8044B704700BF70B50B46E6
:106550009646844601F160041D680CF1200CDEF8BB
:10656000006020330EF1200EAD1BA3424CF8205CDE
:1065700053F81C6C5EF81C5CA6EB05054CF81C5C23
:1065800053F8186C5EF8185CA6EB05054CF8185C1F
:1065900053F8146C5EF8145CA6EB05054CF8145C1B
:1065A00053F8106C5EF8105CA6EB05054CF8105C17
:1065B00053F80C6C5EF80C5CA6EB05054CF80C5C13
:1065C00053F8086C5EF8085CA6EB05054CF8085C0F
:1065D0005EF8045C53F8046CA6EB05054CF8045C0B
:1065E000BAD1146E0B6E1B1B0366546E4B6E1B1BD5
:1065F0004366946E8B6E1B1B8366CB6ED26E9B1AAA
:10660000C36670BD70B50B469646844601F16004C2
:106610001D680CF1200CDEF8006020330EF1200E16
:106620003544A3424CF8205C53F81C6C5EF81C5CAB
:1066300035444CF81C5C53F8186C5EF8185C354413
:106640004CF8185C53F8146C5EF8145C35444CF844
:10665000145C53F8106C5EF8105C35444CF8105C18
:1066600053F80C6C5EF80C5C35444CF80C5C53F839
:10667000086C5EF8085C35444CF8085C5EF8045C15
:1066800053F8046C35444CF8045CC1D1146E0B6EA5
:1066900023440366546E4B6E23444366946E8B6EA4
:1066A00023448366CB6ED26E1344C36670BD00BFB5
:1066B0000B6810B414682344036054684B68234487
:1066C000436094688B6823448360D468CB68234418
:1066D000C36014690B692344036154694B69234403
:1066E000436194698B6923448361D469CB692344F2
:1066F000C361146A0B6A23440362546A4B6A2344DD
:1067000043628B6A946A23448362D46ACB6A2344CB
:10671000C362146B0B6B23445DF8044B03634B6B38
:10672000526B134443637047F0B501F138079DB0D5
:1067300000F1700604463A460D466846FFF7B8FF7A
:10674000FDF72EFE39463046FDF742FF294620462A
:10675000FDF73EFF68466946FDF73AFF01463246BF
:10676000FFF7F4FE2246FFF7F1FE04F1380102467E
:106770000846FFF747FF2046FCF7C6FF1DB0F0BDF7
:10678000F0B501F17007B9B000F1E00604463A46F1
:106790000D466846FFF736FFFDF756FE3946304690
:1067A000FFF7C2FF29462046FFF7BEFF694668464D
:1067B000FFF7BAFF324669466846FFF73DFE2246BC
:1067C00069466846FFF738FE04F170016A460846DC
:1067D000FFF77AFE2046FDF777F839B0F0BD00BF2D
:1067E000F0B501F1E007F1B0044600F5E0763A4675
:1067F00068460D46FFF768FE6846FCF785FF394698
:106800003046FFF7BDFF29462046FFF7B9FF69462E
:106810006846FFF7B5FF324669466846FFF758FD00
:10682000224669466846FFF753FD04F1E0016A46D7
:106830000846FFF7BFFD2046FDF756FE71B0F0BDDC
:1068400030B5154683B004460193FFF7C9FF019A9E
:106850002946204603B0BDE83040FEF7F1BE00BF38
:1068600030B5154683B004460193FFF789FF019ABE
:106870002946204603B0BDE83040FFF72FB800BFDF
:106880002DE9F04301F13808ABB0154602F13809A3
:10689000044600F1700742460EA8FFF709FF0E46B6
:1068A000FDF77EFD4A4629466846FFF701FFFDF7E2
:1068B00077FD4A4641463846FDF7DEF82A4631461E
:1068C0002046FDF7D9F80EA96A460846FDF7D4F828
:1068D0003A460146FFF73AFE2246FFF737FE04F13B
:1068E000380102460846FFF78DFE2046FCF70CFFF4
:1068F0002BB0BDE8F08300BF2DE9F04301F1700833
:10690000D5B0154602F17009044600F1E007424691
:106910001CA8FFF777FE0E46FDF796FD4A4629466E
:106920006846FFF76FFEFDF78FFD4A464146384641
:10693000FFF7A6FF2A4631462046FFF7A1FF1CA914
:106940006A460846FFF79CFF1CA93A460846FFF72F
:1069500073FD1CA922460846FFF76EFD04F1700185
:106960001CAA0846FFF7B0FD2046FCF7ADFF55B066
:10697000BDE8F0832DE9F04301F1E008ADF5297D94
:106980000446154600F5E07702F1E00938A84246D2
:106990000E46FFF799FD38A8FCF7B6FE4A46294691
:1069A0006846FFF791FD6846FCF7AEFE4A46414651
:1069B0003846FFF7A1FF2A4631462046FFF79CFFE5
:1069C00038A96A460846FFF797FF38A93A460846AD
:1069D000FFF77EFC38A922460846FFF779FC04F150
:1069E000E00138AA0846FFF7E5FC2046FDF77CFDEC
:1069F0000DF5297DBDE8F08370B5049E04461D4663
:106A0000FFF7B8FF324620462946BDE87040FEF742
:106A100017BE00BF70B5049E04461D46FFF76CFF0D
:106A2000324620462946BDE87040FEF757BF00BFFA
:106A300070B50B469646844601F180041D680CF142
:106A4000200CDEF8006020330EF1200EAD1BA342B7
:106A50004CF8205C53F81C6C5EF81C5CA6EB05053A
:106A60004CF81C5C53F8186C5EF8185CA6EB050536
:106A70004CF8185C53F8146C5EF8145CA6EB050532
:106A80004CF8145C53F8106C5EF8105CA6EB05052E
:106A90004CF8105C53F80C6C5EF80C5CA6EB05052A
:106AA0004CF80C5C53F8086C5EF8085CA6EB050526
:106AB0004CF8085C5EF8045C53F8046CA6EB050522
:106AC0004CF8045CBAD1D2F88040D1F880301B1B5E
:106AD000C0F88030D2F88440D1F884301B1BC0F855
:106AE0008430D2F88840D1F888301B1BC0F8883039
:106AF000D1F88C30D2F88C209B1AC0F88C3070BD45
:106B000001F5907C10B40B682030146820312032DD
:106B10001B1B614540F8203C52F81C4C51F81C3CB2
:106B2000A3EB040340F81C3C52F8184C51F8183CF5
:106B3000A3EB040340F8183C52F8144C51F8143CF1
:106B4000A3EB040340F8143C52F8104C51F8103CED
:106B5000A3EB040340F8103C52F80C4C51F80C3CE9
:106B6000A3EB040340F80C3C52F8084C51F8083CE5
:106B7000A3EB040340F8083C51F8043C52F8044CE1
:106B8000A3EB040340F8043CBDD15DF8044B70470F
:106B900038B50A46054603466FF0604400F580703C
:106BA000C3E90044C3E90244C3E90444C3E9064419
:106BB00020339842F4D1002309492846C5F818111A
:106BC0002946C5F81C31C5E94044C5E94244C5E938
:106BD0004444FFF795FF2B6801332B6038BD00BF9D
:106BE000FFFF030001F5907C10B40B68203014689F
:106BF000203120322344614540F8203C52F81C4C9F
:106C000051F81C3C234440F81C3C52F8184C51F8F5
:106C1000183C234440F8183C52F8144C51F8143CEA
:106C2000234440F8143C52F8104C51F8103C2344D3
:106C300040F8103C52F80C4C51F80C3C234440F8FE
:106C40000C3C52F8084C51F8083C234440F8083CEE
:106C500051F8043C52F8044C234440F8043CC4D19D
:106C60005DF8044B704700BF70B50B4696468446EE
:106C700001F180041D680CF1200CDEF80060203367
:106C80000EF1200E3544A3424CF8205C53F81C6CE6
:106C90005EF81C5C35444CF81C5C53F8186C5EF8CC
:106CA000185C35444CF8185C53F8146C5EF8145CAE
:106CB00035444CF8145C53F8106C5EF8105C3544A5
:106CC0004CF8105C53F80C6C5EF80C5C35444CF8D6
:106CD0000C5C53F8086C5EF8085C35444CF8085CB2
:106CE0005EF8045C53F8046C35444CF8045CC1D184
:106CF000D2F88040D1F880302344C0F88030D2F8F8
:106D00008440D1F884302344C0F88430D2F88840DD
:106D1000D1F888302344C0F88830D1F88C30D2F8CC
:106D20008C201344C0F88C3070BD00BF01F1600CA2
:106D300010B40B68203014682031203223446145A0
:106D400040F8203C52F81C4C51F81C3C234440F8BD
:106D50001C3C52F8184C51F8183C234440F8183C9D
:106D600052F8144C51F8143C234440F8143C52F8A7
:106D7000104C51F8103C234440F8103C52F80C4C95
:106D800051F80C3C234440F80C3C52F8084C51F8A4
:106D9000083C234440F8083C51F8043C52F8044CA9
:106DA000234440F8043CC4D15DF8044B704700BF55
:106DB00001F1600C10B40B682030146820312032CF
:106DC0001B1B614540F8203C52F81C4C51F81C3C00
:106DD000A3EB040340F81C3C52F8184C51F8183C43
:106DE000A3EB040340F8183C52F8144C51F8143C3F
:106DF000A3EB040340F8143C52F8104C51F8103C3B
:106E0000A3EB040340F8103C52F80C4C51F80C3C36
:106E1000A3EB040340F80C3C52F8084C51F8083C32
:106E2000A3EB040340F8083C51F8043C52F8044C2E
:106E3000A3EB040340F8043CBDD15DF8044B70475C
:106E40000B6810B414682344036054684B682344EF
:106E5000436094688B6823448360D468CB68234480
:106E6000C36014690B692344036154694B6923446B
:106E7000436194698B6923448361D469CB6923445A
:106E8000C361146A0B6A23440362546A4B6A234445
:106E900043628B6A946A23445DF8044B8362CB6A35
:106EA000D26A1344C36270472DE9F04701F13009FB
:106EB000ADF5906D0E46154602F1300A04464A467D
:106EC000684606F16007FFF7BBFF05F16008FBF7B6
:106ED00073FC5246294624A8FFF7B2FFFBF76CFC6F
:106EE0003A4649460CA8FFF7ABFFFBF765FC424664
:106EF000514630A8FFF7A4FFFBF75EFC3A4669460F
:106F000018A8FFF79DFF0CA8FBF756FC424624A9E2
:106F10003CA8FFF795FFFBF74FFC2A46314648A8EF
:106F2000FBF7D2F85246494678A8FBF7CDF842461F
:106F30003946A8A8FBF7C8F824AA694660A8FBF759
:106F4000C3F830AA0CA990A8FBF7BEF83CAA18A970
:106F5000C0A8FBF7B9F84FF49072002120460DF05D
:106F6000E7F990A978AAD8A8FFF722FF78AA60A924
:106F7000F0A8FFF71DFFC0A9D8AA0DF58460FFF7A0
:106F800017FF0DF58461F0AA0846FFF711FF0DF514
:106F90008460FBF759FCD8A9A8AA0846FFF708FFA8
:106FA000D8A8FBF751FCF0A948AA0846FFF700FF54
:106FB000F0A8FBF749FC48AA21462046FFF7B6FE99
:106FC00004F13001F0AA0846FFF7B0FE04F16001B9
:106FD0000DF584620846FFF7A9FE04F19001D8AAD6
:106FE0000846FFF7A3FE04F1C001A8AA0846FFF770
:106FF0009DFE2046FAF7F4FF0DF5906DBDE8F08791
:107000002DE9F04301F19008EDB0154602F1900929
:10701000044600F59077424624A8FFF725FE0E4669
:10702000FAF78CFF4A4629466846FFF71DFEFAF735
:1070300085FF4A4641463846FFF736FF2A46314625
:107040002046FFF731FF24A96A460846FFF72CFFC8
:1070500024A93A460846FFF753FD24A922460846CC
:10706000FFF74EFD04F1900124AA0846FFF7BAFD90
:107070002046FBF759FC6DB0BDE8F08370B5049E67
:1070800004461D46FFF7BCFF324620462946BDE8B0
:107090007040FEF75DB800BF70B5049E04461D4603
:1070A000FFF702FF324620462946BDE87040FEF752
:1070B000A7B900BFF0B501F13007ADF57D7D01F155
:1070C000600604463A466846FFF7BAFE0D46FBF7EF
:1070D00073FB324639460CA8FFF7B2FEFBF76CFB98
:1070E0003246694618A8FFF7ABFEFBF765FB294659
:1070F00024A8FBF78DFC394654A8FBF789FC3146E0
:1071000084A8FBF785FC69463CA8FBF781FC0CA929
:107110006CA8FBF77DFC18A99CA8FBF779FC4FF441
:107120009072002120460DF003F96CA954AAB4A86E
:10713000FFF73EFE54AA3CA9CCA8FFF739FE9CA954
:10714000B4AAE4A8FFF734FEE4A9CCAA0846FFF7E6
:107150002FFEE4A8FBF778FBB4A984AA0846FFF742
:1071600027FEB4A8FBF770FBCCA924AA0846FFF7BA
:107170001FFECCA8FBF768FB24AA21462046FFF798
:10718000D5FD04F13001CCAA0846FFF7CFFD04F18C
:107190006001E4AA0846FFF7C9FD04F19001B4AA12
:1071A0000846FFF7C3FD04F1C00184AA0846FFF7B3
:1071B000BDFD2046FAF714FF0DF57D7DF0BD00BF43
:1071C000F0B501F19007C9B000F5907604463A4653
:1071D0000D466846FFF748FDFAF7B0FE39463046DF
:1071E000FFF768FF29462046FFF764FF69466846B7
:1071F000FFF760FF324669466846FFF781FC22468A
:1072000069466846FFF77CFC04F190016A4608462F
:10721000FFF7E8FC2046FBF787FB49B0F0BD00BF55
:1072200030B5154683B004460193FFF7C9FF019AB4
:107230002946204603B0BDE83040FDF789BF00BFB6
:1072400030B5154683B004460193FFF733FF019A2A
:107250002946204603B0BDE83040FEF7D1B800BF54
:107260002DE9F04FADF21C7D044601920DF2545011
:107270004FF48072DEAEFDF7F3FC214603A80DF15A
:107280000C08FEF72DFDDDF8085770AF6C10DDE936
:10729000DE32013402EB237223F07043CDE9DE329B
:1072A0004FEAE27E1A214FEA027C4FEA0E7E1CEB87
:1072B000030C4EEA121E2CF070404EEBE37E4FEAB8
:1072C0001C7343EA0E13A4EB030904EAE9724FEAC4
:1072D000D9799B1AC0F3C0624FEA490901394FEAD4
:1072E000400002EB4303A4EB030203EBD27309EB70
:1072F000D27904EAE272A3EB0203EBD14FEA490927
:107300000DF25451E4A84FF01A0B09F10103A6F550
:10731000DA7983FB052ABCEB02026EEB0A0A120F34
:1073200042EA0A121344A3EB2E6283FB053ABCEB3C
:1073300003036EEB0A0E02EB2E6E8EFB0532BCEBE6
:1073400003034FEAA37A4AF0010AAAFB0323AA1A0D
:10735000D20F0AFB02E282FB053EBCEB030C4FEAB4
:10736000AC7E4EF0010EAEFB0C3CEB1ADB0F0EFBBD
:107370000322FDF775FCE4AA49464846FEF7A8FF3C
:107380004846FCF715FBD6E9002101EB227A22F0F2
:107390007043CAF1000C33605B42C6F804A04FEAA8
:1073A000EC7E4FEA0E7E4EEA1C1E4FEA0C7C1CEB74
:1073B000030C4EEBE37E2CF070404FEA1C7343EA63
:1073C0000E13E11A04EAE172C90F9A1AC0F3C063FE
:1073D0004900BBF1010B4FEA400003EB4202A4EB72
:1073E000020302EBD37201EBD37104EAE373A2EB65
:1073F0000302EBD14900E4A84B1C0DF2545183FB6E
:10740000052BBCEB02026EEB0B0B120F42EA0B12C8
:107410001344A3EB2E6283FB053BBCEB03036EEB33
:107420000B0E02EB2E6E8EFB0532BCEB03039A179C
:1074300042F00102A2FB033BEB1ADB0F02FB03EE5F
:10744000AEEB0A0A8EFB05E3BCEB0E0C4FEAAC7206
:1074500042F00102A2FB0C3CEB1ADB0F02FB03A281
:10746000FDF7FEFBE4AA49464846FEF7A3FFB742F4
:10747000D6E9001321F0704203EB2173C6E9002323
:1074800002D056F8043D0BE7DDE96F230DF25451AD
:10749000E4A803EB227322F070426F92EA1A709311
:1074A000D20FFDF7DDFB03A9E4AA0846FEF710FFA3
:1074B000019C4FF4607203A920460CF013FFA44610
:1074C000234604F5DA74D3E9000202EB207243F894
:1074D000042F9C4253F8042C22F0704243F8042CF1
:1074E000F1D1019B73AFD3F8B431BA464FEAE37ED2
:1074F000D8F8483508F5AA60DCF8005008F12008F3
:10750000D8F82C450EEA0303D8F840652B440EEA60
:107510000404DCF804500EEA060687C82C44D8F8A8
:1075200044550EEA01010EEA00000EEA05090EEAD2
:1075300002020EEA0707C245CCE90034DCE9025436
:1075400028440C44DCE90413CCF8080011441F441F
:10755000CCF80C40DCE90602CCE9041706444A44A6
:10756000CCE906620CF1200CC2D10198FCF720FA9C
:107570000146FEF709FB0023C0E96E3318460DF201
:107580001C7DBDE8F08F00BF2DE9F04FADF29C4DA2
:1075900004460192DDA84FF4006290AEFBF7CCFCEC
:1075A000214603A80DF10C08FEF77EFDDDF88C5492
:1075B00049AF6C10DDE99032013402EB637223F0C5
:1075C0006043CDE990324FEAE27E1B214FEA427CD4
:1075D0004FEA4E7E1CEB030C4EEAD20E2CF06040BC
:1075E0004EEBE37E4FEA5C7343EACE03A4EB030960
:1075F00004EAE9724FEAD9799B1AC0F300724FEAA4
:10760000490901394FEA400002EB4303A4EB0302AE
:1076100003EBD27309EBD27904EAE272A3EB020323
:10762000EBD14FEA4909DDA994A84FF01B0B09F1F2
:107630000103A6F58C7983FB052ABCEB02026EEBF5
:107640000A0A520F42EACA021344A3EBAE6283FB5A
:10765000053ABCEB03036EEB0A0E02EBAE6E8EFB3B
:107660000532BCEB03034FEAA37A4AF0010AAAFBF6
:107670000323AA1AD20F0AFB02E282FB053EBCEBEF
:10768000030C4FEAAC7E4EF0010EAEFB0C3CEB1A45
:10769000DB0F0EFB0322FBF74FFC94AA494648463A
:1076A000FFF72EFA4846FBF7D1FED6E9002101EBA1
:1076B000627A22F06043CAF1000C33605B42C6F884
:1076C00004A04FEAEC7E4FEA4E7E4EEADC0E4FEA13
:1076D0004C7C1CEB030C4EEBE37E2CF060404FEA3D
:1076E0005C7343EACE03E11A04EAE172C90F9A1A05
:1076F000C0F300734900BBF1010B4FEA400003EBFC
:107700004202A4EB020302EBD37201EBD37104EA51
:10771000E373A2EB0302EBD1490094A84B1CDDA953
:1077200083FB052BBCEB02026EEB0B0B520F42EA04
:10773000CB021344A3EBAE6283FB053BBCEB03031C
:107740006EEB0B0E02EBAE6E8EFB0532BCEB030351
:107750009A1742F00102A2FB033BEB1ADB0F02FB7C
:1077600003EEAEEB0A0A8EFB05E3BCEB0E0C4FEA10
:10777000AC7242F00102A2FB0C3CEB1ADB0F02FBE5
:1077800003A2FBF7D9FB94AA49464846FFF72AFA19
:10779000B742D6E9001321F0604203EB6173C6E9FA
:1077A000002302D056F8043D0DE7DDE94823DDA9AA
:1077B00094A803EB627322F060424892EA1A49935C
:1077C000D20FFBF7B9FB03A994AA0846FFF798F973
:1077D000019C4FF4107203A920460CF083FDA446CF
:1077E000234604F58C74D3E9000202EB607243F87F
:1077F000042F9C4253F8042C22F0604243F8042CDE
:10780000F1D1019B4BAFD3F81831BA464FEAE37E72
:10781000DCF80050D8F88063D8E9DA34D8E9DC0124
:107820000EEA03030EEA04040EEA01010EEA000068
:107830002B44DCF804500EEA06062C44D8F8845396
:10784000D8E9DE27CCE900340EEA05090EEA020287
:107850000EEA070708F12008DCE90254C245284473
:107860000C44DCE90413CCF8080011441F44CCF8A4
:107870000C40DCE90602CCE9041706444A44CCE992
:1078800006620CF1200CC3D10198FBF7DFFD014625
:10789000FEF75EFB0023C0F81C3118460DF29C4D2C
:1078A000BDE8F08F2DE9F04FADF5657D04469046BB
:1078B0001022ABA86EAEFDF799FA214601A837AFAA
:1078C000FDF7CEF9E19DDDE96E236C1003EB227329
:1078D00022F070420134CDE96E234FEAE37E1A2193
:1078E0004FEA037C4FEA0E7E1CEB020C4EEA131E9D
:1078F0004FEA1C732CF070404EEBE27E43EA0E130D
:10790000A4EB030904EAE9724FEAD9799B1AC0F3A0
:10791000C0624FEA490901394FEA400002EB4302D5
:10792000A4EB020302EBD37209EBD37904EAE3730D
:10793000A2EB0303EBD14FEA49094FF01A0A09F110
:107940000103A6F1D80983FB0521BCEB02026EEB13
:107950000101120F42EA0112134483FB0512A3EB4B
:107960002E63BCEB01016EEB020203EB226282FB91
:107970000513BCEB01018B1743F00100A0FB0131A3
:10798000ABA9EB1ADB0F00FB032372A883FB052EC8
:10799000BCEB020C4FEAAC7E4EF0010EAEFB0CC20B
:1079A000A5EB0C0C4FEADC720EFB0232FDF71EFA5F
:1079B000024649464846FEF73FFD4846FBF718FF9A
:1079C000D6E9002101EB227E22F07043CEF1000CBB
:1079D00033605B42C6F804E04FEAEC72120742EAF9
:1079E0001C124FEA0C7C1CEB030C42EBE3722CF0F4
:1079F000704B4FEA1C7141EA0211601A04EAE0730D
:107A0000C00FC91ACBF3C0634000BAF1010A4FEAB4
:107A10004B0B03EB4101A4EB010301EBD37100EB32
:107A2000D37004EAE373A1EB0301EBD14000ABA9EF
:107A3000431C72A883FB05ABBCEB0A0A62EB0B0B81
:107A40004FEA1A7A4AEA0B1A5344A3EB226A83FBE1
:107A5000053BBCEB030362EB0B020AEB226282FBE9
:107A6000053ABCEB03034FEAA37A4AF0010AAAFBEA
:107A7000033BEB1ADB0F0AFB0322A2EB0E0E82FB89
:107A80000523BCEB020C4FEAAC7242F00102A2FBF0
:107A90000C3CEB1ADB0F02FB03E2FDF7A7F90246F1
:107AA00049464846FEF710FDB742D6E9001221F0DC
:107AB000704302EB2172C6E9003202D056F8042D61
:107AC0000BE7DDE9362372A8ABA903EB227322F0A2
:107AD000704208F1D8043692EA1A3793D20FFDF7B4
:107AE00085F901A902460846FEF7A6FC4FF4E072AC
:107AF00001A940460CF0F6FB4346D3E9000202EB35
:107B0000207243F8042F9C4253F8042C22F0704258
:107B100043F8042CF1D1D8F8D830ABAA41464046FE
:107B2000DB17FDF7ABF94046FBF762FE4146FEF777
:107B300021F900231846C8F8DC300DF5657DBDE855
:107B4000F08F00BF2DE9F04F2DED028BADF26C5D93
:107B5000DDF898A5CDE90320002B00F03B810AADAC
:107B60000F461E460DF5F47BDAF800802C463AA944
:107B70002B466FF070420795CDF820B0C3E9002284
:107B8000C3E90222C3E90422C3E906222033994251
:107B9000F4D1002329462846C5E93022C5E932221E
:107BA000C5E934226FF07F42C5E936235246FEF71D
:107BB00043FC2B6801332B60DDF89C35002B7BD117
:107BC00039462A465846FEF797FE5A4651465846C9
:107BD000FFF768FE0746002877D108F102037F4AC5
:107BE00005945B0082FB061203F008033244434411
:107BF00003FB08F1C1F1020101FB03F3F117C1EB33
:107C0000221203FB08F1C1F10201C2EBC20701FB22
:107C100003F3A6EB870703FB08F80297C8F10208F5
:107C200008FB03F323F07043C3F18051039B53F827
:107C30002260C7F11C03013A08EE101A9E400F465D
:107C4000914633E0B9F1FF3F46D0039B53F82960DA
:107C50001B2309F1FF390293C6F3C06407A85346FA
:107C60005A4684F0010829460097760050F828000B
:107C7000FEF7D0FE5A4BEAA853F8282053F82430D8
:107C800005EA02044FF4E0720BEA03031C442146A8
:107C90000CF028FBEAA952463B460846FEF7E0FDF9
:107CA0004FF4E0722046EAA90CF01CFB029B002B6B
:107CB000C8D0013B0293CFE738465A465146FFF7FA
:107CC000F1FD0746002800F0828038460DF26C5D19
:107CD000BDEC028BBDE8F08F029F18EE102A5146D2
:107CE0002846059CAAF1E006FDF7F8FD52463B4602
:107CF000BE46D2F8DC00C3F1000CD4F8DC10203A08
:107D0000D4F8D070203C091AD2F8F80021EAEC6CC3
:107D1000D4F8F81043EA0C03081AD4F8F410C3F1AD
:107D2000000C20EAEC6CD2F8F40043EA0C03091AC8
:107D3000BC46D2F8F0705842ACEB070CD2F8E870B1
:107D400021EAE061D4F8EC000B43D2F8EC10401AC1
:107D500059422CEAE1610B43D4F8E810C3F1000C5E
:107D6000C91B20EAEC60D4F8E4C00343584221EA7E
:107D7000E061D2F8E4000B43ACEB0000D4F8E01073
:107D8000C3F1000C20EAEC60D2F8E0C0964243EA6E
:107D90000003A1EB0C01C3F1000021EAE06143EA1A
:107DA0000103A6D1DB17774652462946DB43284616
:107DB000FCF79EFF4FF4E072294604980CF092FA0B
:107DC00038460DF26C5DBDEC028BBDE8F08F2A46A3
:107DD0005946F7E64FF0FF3777E700BF9324499203
:107DE000048501082DE9F04FADF5157D0446904658
:107DF0004FF480126FA848AEFBF78CF9214601A81A
:107E000024AFFBF799F8929DDDE948236C1003EB52
:107E1000627322F060420134CDE948234FEAE37EE9
:107E20001B214FEA437C4FEA4E7E1CEB020C4EEACC
:107E3000D30E4FEA5C732CF060404EEBE27E43EAD7
:107E4000CE03A4EB030904EAE9724FEAD9799B1A3D
:107E5000C0F300724FEA490901394FEA400002EBD2
:107E60004302A4EB020302EBD37209EBD37904EAD9
:107E7000E373A2EB0303EBD14FEA49094FF01B0A6E
:107E800009F10103A6F18C0983FB0521BCEB020279
:107E90006EEB0101520F42EAC102134483FB05124B
:107EA000A3EBAE63BCEB01016EEB020203EBA2623B
:107EB00082FB0513BCEB01018B1743F00100A0FB13
:107EC00001316FA9EB1ADB0F00FB03234AA883FBE8
:107ED000052EBCEB020C4FEAAC7E4EF0010EAEFB61
:107EE0000CC2A5EB0C0C4FEADC720EFB0232FBF766
:107EF00011F9024649464846FEF79AFDFAF71EF880
:107F00006E9BD6E90021A3EB010CA1EB030EACEBB9
:107F1000627C0EEB627E22F060424FEAEC715342CB
:107F2000C6E9002E4A0742EADC024FEA4C7C1CEB11
:107F3000030C42EBE3722CF0604B4FEA5C7141EAB8
:107F4000C201601A04EAE073C00FC91ACBF30073D0
:107F50004000BAF1010A4FEA4B0B03EB4101A4EBDD
:107F6000010301EBD37100EBD37004EAE373A1EBDF
:107F70000301EBD140006FA9431C4AA883FB05AB6A
:107F8000BCEB0A0A62EB0B0B4FEA5A7A4AEACB0ABD
:107F90005344A3EBA26A83FB053BBCEB030362EBF8
:107FA0000B020AEBA26282FB053ABCEB03034FEA29
:107FB000A37A4AF0010AAAFB033BEB1ADB0F0AFB88
:107FC0000322A2EB0E0E82FB0523BCEB020C4FEA50
:107FD000AC7242F00102A2FB0C3CEB1ADB0F02FB7D
:107FE00003E2FBF797F8024649464846FEF73CFE97
:107FF000B742D6E9001221F0604302EB6172C6E994
:10800000003202D056F8042D08E7DDE923234AA800
:108010006FA903EB627322F0604208F18C04239293
:10802000EA1A2493D20FFBF775F801A90246084615
:10803000FEF7FEFC4FF4907240460CF053F94346B5
:10804000D3E9000202EB607243F8042F9C4253F81C
:10805000042C22F0604243F8042CF1D1D8F88C3083
:108060006FAA41464046DB17FBF79CF84046F9F7FC
:1080700065FF4146FEF762F800200DF5157DBDE86D
:10808000F08F00BF2DE9F04F2DED028BADF5637D34
:10809000DDF8B883CDE90320002B00F049810AAC5C
:1080A0000E461D460DF5A47BD8F8009027462AA958
:1080B00023466FF060420794CDF820B0C3E9002258
:1080C000C3E90222C3E90422C3E90622203399420C
:1080D000F4D140F2FF13C4F8882021462046C4F8AA
:1080E0008C30C4E920224246FEF7A2FC236801330B
:1080F0002360EF9B002B7CD1314622465846FEF789
:10810000D3FE5A4641465846FFF76CFE0646002805
:1081100078D109F10203884A05975B0082FB0512BA
:1081200003F008032A444B4403FB09F1C1F10201A7
:1081300001FB03F3E917C1EB221203FB09F1C1F1C3
:108140000201C2EBC20601FB03F302EB860603FB4E
:1081500009F9AE1BC9F10209029609FB03F323F0EA
:108160006043C3F10051039B53F82250C6F11D0335
:10817000013A08EE101A9D400E46924633E0BAF1DD
:10818000FF3F46D0039B53F82A501C230AF1FF3AC5
:108190000293C5F3007707A843465A4687F00109C2
:1081A000214600966D0050F82900FEF775FF634BDD
:1081B0009AA853F8292053F8273004EA02074FF40D
:1081C00090720BEA03031F4439460CF08BF89AA90E
:1081D000424633460846FFF733F84FF4907238466C
:1081E0009AA90CF07FF8029B002BC8D0013B0293A8
:1081F000CFE730465A464146FFF7F4FD06460028D1
:1082000000F0938030460DF5637DBDEC028BBDE838
:10821000F08F18EE102A41462046059F029EFDF77A
:10822000EFF8D8F88C30A8F18005D4F88C10D8F885
:108230008800D4F88820121A581AC91A22EA207322
:10824000D4F884200B43D8F88410521A594222EAF9
:108250002172D8F880101343D4F88020521A594262
:1082600022EA217241461343C86F2039FA6F203F3A
:10827000121A584222EA2072D1F898001343D7F814
:108280009820121A584222EA2072D1F8940013431F
:10829000D7F89420121A584222EA2072D1F890009E
:1082A0001343D7F89020121A584222EA2072D1F8CC
:1082B0008C001343D7F88C20121A584222EA2072FD
:1082C000D1F888001343D7F88820121A584222EABE
:1082D0002072D1F884001343D7F88420121A584230
:1082E00022EA2072D1F880008D4243EA0203D7F8D7
:1082F0008020A2EB0002C3F1000022EA207243EAD0
:108300000203B1D1DB17424620462146DB43FAF790
:108310005BFE4FF4907204980BF0E4FF30460DF5CD
:10832000637DBDEC028BBDE8F08F22465946E5E641
:108330004FF0FF3666E700BF09CB3D8D048501088D
:108340002DE9F043ADF2AC5DDDF8CC753C68FF2C57
:1083500005D86FF070000DF2AC5DBDE8F08381468A
:1083600010460E461546984608F04EFB1D2808DCC0
:10837000B6F5807F05D8404608F046FBB0F5006FA3
:1083800005D06FF06E000DF2AC5DBDE8F083D8F85B
:108390000030002B06DDD8F80830DA0702D44FF0A1
:1083A000FF30D8E74946324602A8FDF74FFFD5F81F
:1083B0000890B9F1000F00F08B80424648210DF57E
:1083C0009160F9F707FDB9F1030F26D192AD02A92B
:1083D0002846FEF7F5FE2A460DF591612846FFF77F
:1083E000D3F80028B7D12A4602A92846FEF708FE8E
:1083F0002A460DF591612846FFF7C6F80028AAD154
:108400002846DDF8C815F9F753FD4FF480730020B6
:108410003B600DF2AC5DBDE8F08392AD0DF591616E
:10842000DDF888642846FEF7B3FB02A92A46084611
:10843000FEF7E6FD02AA0DF591611046FFF7A4F8DC
:10844000002888D106F102081C244FEA480808F0E9
:108450000808B04408FB06F3C3F1020303FB08F865
:1084600008FB06F3C3F1020303FB08F808FB06F65A
:10847000C6F1020606FB08F828F06048C8F100586B
:1084800001E0013C2AD359FA04F3FAD04FF41072F8
:1084900002A92846661E0BF025FF14B924E0731CC0
:1084A00022D043460DF5916229462846FEF7B8FED4
:1084B00049FA06F3013E13F0010FF0D00DF5916378
:1084C00002AA29462846CDF80080FEF7D7FDE6E748
:1084D0006FF06F000DF2AC5DBDE8F08302A94FF4C0
:1084E000107228460BF0FEFE42460DF591612846BB
:1084F000FCF72EFE0DF591612846FAF7C9FE0DF541
:108500009162C0172946C3432846FAF721FF77E74F
:108510002DE9F043ADF25C7DDDF890773C68FF2CEF
:1085200007D9B1F5807F0D4614D96FF06E0502AC06
:1085300002E06FF0700502AC214600220B460131CB
:108540001A700DF5EB639942F8D128460DF25C7D67
:10855000BDE8F0838046DDF888071E4608F054FA2F
:10856000B0F5006FE1D1DDF888371B68002B04DD22
:10857000DDF888379B68D9070FD53368002B02DDFB
:10858000B368DA0709D5DDF878371B68002B08DDFA
:10859000DDF878379B68DB0703D44FF0FF3502AC7A
:1085A000CAE702AC2A4641460DF5127920464FF043
:1085B0000108FDF74BFE3246B6AE24214846F9F7D6
:1085C00009FCDDF878273046F9F704FCDDF87C2754
:1085D000DAA8F9F7FFFBDDF88027FEA8F9F7FAFB28
:1085E000DDF884270DF59160F9F7F4FBDAAA4FF472
:1085F000806321460DF5A360CDE90098FFF742FDA9
:108600000546002898D1FEAA4FF4806321460DF557
:10861000C760CDF804800096FFF734FD05460028BA
:108620008AD10DF5A3600DF5C7620146FEF700FA89
:10863000F9F784FCD4F89C3501464A46DB17FAF773
:10864000B1FDD4F89C3508464A46DB17FAF7AAFD77
:108650000846F9F773FC0DF591620146FEF724FC1C
:108660000DF5A36249461046FFF7BCFB05460028FE
:108670007FF462AF0DF5A36132460846FEF714FCA5
:108680000DF5A3620DF5C7612046FEF7ABFA204653
:10869000F9F7A6FCDDF88C17F9F70AFC4FF48073A4
:1086A0003B6049E72DE9F04F0646ADF6643D0846CC
:1086B0000C4617461D4608F0A7F98046304608F0DC
:1086C000A3F9B0F5006F02DCB8F5006F05DD6FF0BF
:1086D0006E000DF6643DBDE8F08F384608F094F961
:1086E000B0F5006FF3D13B68002B05DDBB68DB07FD
:1086F00002D44FF0FF30ECE73246482108A8F9F7E2
:1087000069FB2246E0AC98A8F9F764FB3A4620469C
:10871000F9F760FBB8F1000F00F0BA800DF5946630
:108720000DF5DC6B2146E09F30460596CDF818B07C
:10873000FEF72EFA324608A95846FEF761FC5A4663
:1087400021465846FEF720FF002840F09680BB1CCB
:10875000514A03955B0082FB081203F00803424470
:108760003B4403FB07F1C1F1020101FB03F34FEAB4
:10877000E871C1EB221203FB07F1C1F1020102F122
:10878000FF3A01FB03F303FB07F7C7F1020703FB03
:1087900007F7C2EBC20302EB830327F06047A8EBA5
:1087A00003010DF53663C7F1005703EB8203029115
:1087B000A3F510631A68C1F11D0302FA03F84546D8
:1087C00036E0BAF1FF3FA3F510630AF1FF3A39D062
:1087D0001D681C230293C5F3007805A823465A465A
:1087E00088F00109314600976D0050F82900FEF726
:1087F00045FC2A4B0DF5126053F8292053F8283018
:1088000006EA02084FF410720BEA0303984441464B
:108810000BF068FD0DF5126122463B460846FEF757
:10882000FFFC40464FF410720DF512610BF05AFD3B
:108830000DF53663029A03EB8A03002AC1D0531E5A
:108840000293C8E73A4621463046039DFCF780FC78
:1088500021463046FAF71CFD2246C0173146C34375
:108860003046FAF775FD31464FF4107208A80BF048
:1088700039FD294608A8FAF755FE98AB00211A469B
:108880000133A3421170FAD10DF6643DBDE8F08FBB
:108890004FF0FF30F1E700BF09CB3D8D04850108A3
:1088A0002DE9F0410546ADF5127D08460C4690468F
:1088B0001F4608F0A9F80646284608F0A5F8B0F5C6
:1088C000806F02DCB6F5806F05DD6FF06E000DF590
:1088D000127DBDE8F081404608F096F8B0F5806F53
:1088E000F3D1D8F80030002B06DDD8F80830DB07CC
:1088F00002D44FF0FF30EAE724212A4602A8F9F714
:1089000069FA22466EAC4AA8F9F764FA4246204654
:10891000F9F760FA002133464AAA019102A90094AE
:108920000846FFF7AFFB40B90146902226A80BF09E
:10893000FFFC394602A8FAF7F5FD4AAB4FF0000CF0
:108940001A46013382F800C092AA9342F8D10DF57D
:10895000127DBDE8F08100BF2DE9F043ADF6CC0DEE
:10896000DDF8EC783C68B4F5C07F05D26FF070009C
:108970000DF6CC0DBDE8F083814610460E46154637
:10898000984608F041F81C2808DCB6F5C07F05D8E9
:10899000404608F039F8B0F5406F05D06FF06E0032
:1089A0000DF6CC0DBDE8F083D8F80030002B06DDC5
:1089B000D8F80830DA0702D44FF0FF30D8E749463C
:1089C000324602A8FDF782FAD5F80890B9F1000FF7
:1089D00000F08B80424670210DF5E160FAF7DEFD74
:1089E000B9F1030F26D1E2AD02A92846FDF7F8FE42
:1089F0002A460DF5E1612846FEF732FC0028B7D182
:108A00002A4602A92846FDF7B5FF2A460DF5E16181
:108A10002846FEF725FC0028AAD12846DDF8E818EC
:108A2000FAF72AFE4FF4C07300203B600DF6CC0D20
:108A3000BDE8F083E2AD0DF5E161DDF80867284699
:108A4000FDF78EFC02A92A460846FDF793FF02AA0D
:108A50000DF5E1611046FEF703FC002888D106F110
:108A600002081B244FEA480808F00808B04408FB35
:108A700006F3C3F1020303FB08F808FB06F3C3F196
:108A8000020303FB08F808FB06F6C6F1020606FB24
:108A900008F828F07048C8F1805801E0013C2AD35A
:108AA00059FA04F3FAD04FF4607202A92846661E00
:108AB0000BF018FC14B924E0731C22D043460DF5CA
:108AC000E16229462846FDF7BBFE49FA06F3013E5E
:108AD00013F0010FF0D00DF5E16302AA29462846F4
:108AE000CDF80080FDF788FFE6E76FF06F000DF628
:108AF000CC0DBDE8F08302A94FF4607228460BF05C
:108B0000F1FB42460DF5E1612846FCF799FD0DF5B4
:108B1000E1612846FCF702FA0DF5E162C01729462B
:108B2000C3432846FCF75AFA77E700BF2DE9F04324
:108B3000ADF66C3DDDF8A07B3C68B4F5C07F07D393
:108B4000B1F5C07F0D4614D96FF06E0502AC02E09E
:108B50006FF0700502AC214600220B4601311A70FD
:108B60000DF668339942F8D128460DF66C3DBDE804
:108B7000F0838046DDF8980B1E4607F045FFB0F500
:108B8000406FE1D1DDF8983B1B68002B04DDDDF878
:108B9000983B9B68D9070FD53368002B02DDB3687B
:108BA000DA0709D5DDF8883B1B68002B08DDDDF806
:108BB000883B9B68DB0703D44FF0FF3502ACCAE764
:108BC00002AC2A4641460DF5627920464FF0010875
:108BD000FDF77CF932460DF58D6638214846FAF7E7
:108BE000DDFCDDF8882B3046FAF7D8FCDDF88C2B5D
:108BF0000DF5A960FAF7D2FCDDF8902B0DF5C560F4
:108C0000FAF7CCFCDDF8942B0DF5E160FAF7C6FC21
:108C10000DF5A9624FF4C06321460DF5FD60CDE965
:108C20000098FEF78FFF0546002894D10DF5C56228
:108C30004FF4C06321460DF6A810CDF804800096CD
:108C4000FEF780FF0546002885D10DF5FD610DF684
:108C5000A8120846FDF7F0FB0DF5FD60FAF7C8FD18
:108C6000D4F8B83801464A46DB17FCF707F90DF58A
:108C7000FD61D4F8B8384A460846DB17FCF7FEF821
:108C80000DF5FD60FAF740FD0DF5E1620146FDF7D7
:108C900033FE0DF5FD6249461046FEF703FE05461C
:108CA00000287FF458AF0DF5FD6132460846FDF708
:108CB00023FE0DF5FD620DF6A8112046FDF77AFBA7
:108CC0002046FAF701FEDDF89C1BFAF7D5FC4FF4BD
:108CD000C0733B603FE700BF2DE9F04FADF58D5D00
:108CE000064608460C4681B017461D4607F08CFE26
:108CF0008046304607F088FEB0F5406F02DCB8F5DC
:108D0000406F06DD6FF06E000DF58D5D01B0BDE8C2
:108D1000F08F384607F078FEB0F5406FF2D13B682F
:108D2000002B05DDBB68DB0702D44FF0FF30EBE71B
:108D30003246702108A8FAF731FC22460DF5AC64E2
:108D4000E8A8FAF72BFC3A462046FAF727FCB8F1D8
:108D5000000F00F0BA800DF5E4660DF52A6B214690
:108D6000DDF8607530460596CDF818B0FDF7F8FAD5
:108D7000324608A95846FDF7FDFD5A462146584699
:108D8000FEF76EFA002840F09480BB1C504A039511
:108D90005B0082FB081203F0080342443B4403FBE0
:108DA00007F1C1F1020101FB03F34FEAE871C1EBE6
:108DB000221203FB07F1C1F1020102F1FF3A01FBAC
:108DC00003F303FB07F7C7F1020703FB07F7C2EB47
:108DD000C203A8EB83010DF58D5327F0704703EB19
:108DE00082030291C7F18057A3F560631A68C1F14D
:108DF0001C0302FA03F8454636E0BAF1FF3FA3F53B
:108E000060630AF1FF3A39D01D681B230293C5F352
:108E1000C06805A823465A4688F0010931460097E4
:108E20006D0050F82900FDF7E7FD2A4B0DF5626053
:108E300053F8292053F8283006EA02084FF46072EC
:108E40000BEA0303984441460BF04CFA0DF56261BE
:108E500022463B460846FDF7F3FC40464FF460725D
:108E60000DF562610BF03EFA0DF58D53029A03EB9E
:108E70008A03002AC1D0531E0293C8E73A4621460E
:108E80003046039DFCF7DCFB21463046FCF746F8F4
:108E90002246C0173146C3433046FCF79FF831469F
:108EA0004FF4607208A80BF01DFA294608A8FCF7D9
:108EB00013F9E8AB00211A460133A3421170FAD12D
:108EC0000DF58D5D01B0BDE8F08F4FF0FF30F0E79C
:108ED00093244992048501082DE9F0410546ADF53A
:108EE000627D08460C4690461F4607F08DFD0646FB
:108EF000284607F089FDB0F5C06F02DCB6F5C06FFB
:108F000005DD6FF06E000DF5627DBDE8F081404635
:108F100007F07AFDB0F5C06FF3D1D8F80030002B20
:108F200006DDD8F80830DB0702D44FF0FF30EAE75F
:108F300038212A4602A8FAF731FB2246AAAC72A8C9
:108F4000FAF72CFB42462046FAF728FB002133466D
:108F500072AA019102A900940846FEF7F3FD40B9F8
:108F60000146E0223AA80BF0E3F9394602A8FCF7E3
:108F7000B3F872AB4FF0000C1A46013382F800C010
:108F8000E2AA9342F8D10DF5627DBDE8F08100BF01
:108F900000B10068704700BF28B103688B4201DD53
:108FA000002901DA00207047023150F82100704793
:108FB000042208F08BBE00BF70B51AB30446E8B1B6
:108FC000E1B188291ADC034615468A0043F8081BDC
:108FD0002846194608F07AFE064688B92368042216
:108FE0002846013304EB830154F8233043B908F0D9
:108FF0006DFE0028F2D00646304670BD6FF0AC061C
:10900000304670BD6FF0EB06304670BDF8B5069C7B
:10901000002B49D0002C47DD84460846002943D068
:10902000002A41DD944209783EDCA1F12E05B5FA13
:1090300085F56D09C5BB0CF1FF36012E0AD9BCF1CF
:10904000040F31D1224619460FF012F9B0FA80F020
:109050004009F8BDBCF1040FF4D0BCF1010F36D0CB
:10906000BCF1020F22D01F78BC46314D00EB020E3E
:1090700003E0002A29DD13F801CF10F8011B6A5C18
:109080000C4602F00302012A15F80C2002F003023C
:1090900008BF01F120046146012AAEEB000208BFBF
:1090A0000CF120018C42E4D00020F8BD93F800C000
:1090B000111B22460844D8E7013A2E2F06F1020080
:1090C000A2EB0102F4D0002ACEDC0120F8BD93F817
:1090D00000C0BCF12E0F674621D0BCF1400FC3D0B9
:1090E0009E46002501E0AC4206DD1EF8016F013509
:1090F000402EF8D1AC42B7DC402915D005460021FE
:1091000001E08C4208DD2E4615F801EF0131BEF179
:10911000400FF6D18C42CFDC2E2FC9D0A4E74029D6
:10912000ECD10130013AC3E70130013ACBE700BF8F
:1091300099930108D9B1F0B5074683B00C4615469E
:1091400001E0246884B1237BAB42FAD1A668BA68F7
:10915000B242F6DB63682846F9680096FFF756FFCF
:109160000028EED0012000E0002003B0F0BD002078
:10917000704700BF09B3F0B5074683B00C461546EB
:10918000002001E0246854B1237BAB42FAD1BA68D5
:10919000A668B24207DA24680120002CF4D180F0DE
:1091A000010003B0F0BD63682846F9680096FFF738
:1091B0002DFF0028EFD00120F3E70120704700BF0A
:1091C00038B51D465BB10C460A4619460FF0A4F8A7
:1091D00028460BF0A5F8A04228BF204638BD184607
:1091E00038BD00BF030E0BD1030C21D1030A21D1DE
:1091F00010BB19B1802301200B707047012070470C
:10920000042210B5D4B2C9B9013A01F1020E04F139
:10921000FF3C4B1CD2005EFA8CFE20FA02FC083A9E
:1092200009B183F800C001337345F6D1601C10BD4D
:109230000322E6E70222E4E70122E2E764F07F038B
:109240000B70E1E77F28034602D801200B707047BE
:10925000020E00B51ED1000C20D11A0A14BF022242
:10926000012262F07F020A70D0B91A0A0CBF0120F5
:10927000022000F1FF3C01EB000E4FEACC0C23FA78
:109280000CF2ACF1080C01F8012F8E45F7D101303A
:109290005DF804FB842204200A70EAE70322E0E779
:1092A0000320E6E72DE9F041D1F80080002608F11F
:1092B000010516609D4212D810F9084000EB080E17
:1092C00010F808C0B4420DDB6046069C24B90D605E
:1092D00000B11060BDE8F08144199C42F7D96FF0ED
:1092E0008300F7E7BCF1800F0CF07F0407D0012C5E
:1092F0001FD0042C1AD8661EF7000126BE402F1975
:109300009F42ECD8671E26EAE676CCB108F102054A
:10931000441CF446002044443C441CF801EFA4459E
:109320004EEA0020F9D13D44B042CEDA6FF08B0016
:10933000D0E708F10205AB42D1D337468026E7E7F4
:109340002046F1E710B5012482B00094FFF7AAFF90
:1093500002B010BD2DE9F04385B01F46DDE90C8356
:1093600088B3D1F800C016460C460CF101029A42AF
:109370002CD810F80C9005460A60A9F11702012AB2
:109380001ED80122009203AAFFF78CFF002823DBDE
:10939000039AA2F10C03142B1BD80FB187F800908D
:1093A00016B1206805443560B8F1000F01D0C8F847
:1093B0000020236800201344236005B0BDE8F0833B
:1093C0006FF09800F9E76FF0AC00F6E76FF08300FC
:1093D000F3E76FF09400F0E76FF08B00EDE700BF6C
:1093E00070B51D4684B000230393136840B1144642
:1093F000089E5A1C964203D3C35C0292994203D042
:109400006FF08B0004B070BD0999334603AA009138
:1094100002A9FFF747FF0028F2DBDDE902302860F0
:10942000236004B070BD00BFF0B50D4685B00021CB
:109430000391296840B14F1C1646BB4204D3425CDD
:1094400004460297022A03D06FF08B0005B0F0BDEE
:10945000012202A9009203AAFFF724FF0028F3DBF0
:10946000DDE90230002830602B60EFDB3268012A32
:109470000EDDE25CFF2A0ED052B901332B60336857
:10948000013B002B336003DD2B68E356002BDBDA56
:10949000002005B0F0BD234493F90130002BF7DA2A
:1094A000D2E700BF002818BF00290FD0B2FA82FC13
:1094B0004FEA5C1C52B130B40D686C1C9C4208D859
:1094C000435D604613700C6030BC70476FF0AC00B9
:1094D00070476FF08300F7E770B5154684B000223F
:1094E0000C4603920A6830B1561CB34203D3825C27
:1094F0000296302A03D06FF08B0004B070BD0122B9
:1095000002A9009203AAFFF7CDFE0028F3DBDDE9F4
:1095100002302860236004B070BD00BF70B51546EE
:1095200084B000220C4603920A6830B1561CB34244
:1095300003D3825C0296302A03D06FF08B0004B014
:1095400070BD089903AA009102A9FFF7ABFE00289D
:10955000F3DBDDE902302860236004B070BD00BF9A
:1095600070B5154684B000220C4603920A6830B1EB
:10957000561CB34203D3825C0296312A03D06FF0AB
:109580008B0004B070BD012202A9009203AAFFF76C
:1095900089FE0028F3DBDDE902302860236004B097
:1095A00070BD00BF70B5154684B000220C46039212
:1095B0000A6830B1561CB34203D3825C0296312A4A
:1095C00003D06FF08B0004B070BD089903AA00911E
:1095D00002A9FFF767FE0028F3DBDDE9023028600F
:1095E000236004B070BD00BF70B5154684B0002282
:1095F0000C4603920A6830B1561CB34203D3825C16
:109600000296042A03D06FF08B0004B070BD0122D3
:1096100002A9009203AAFFF745FE0028F3DBDDE96B
:1096200002302860236004B070BD00BF40F289237F
:109630000246984208D0054B40F28F2103F12000EA
:109640008A4218BF184670470148704714850108C0
:109650001C85010810B5034614469AB14FF0020C60
:10966000090682F800C004D47F2814D86070022054
:1096700010BD01337F2B13D803206370002304F83F
:109680000C3010BD0A0613D47F2BF0D92146FFF70A
:10969000A9FD013010BD511CFFF7A4FD013010BD24
:1096A000511C1846FFF79EFD00F1010C0230E5E762
:1096B00001307F2801D8032010BD2146FFF792FD1D
:1096C000023010BD30B40C68E51C9D4212D888B140
:1096D00004F1010C63450DD3035D022B0AD110F890
:1096E0000C300234012B09D1035D13600D6010684A
:1096F00030BC70476FF08B0030BC70476FF08C004F
:10970000F6E700BF70B50C4682B0154612680646F3
:1097100069460092204601AAFFF786FE08B102B012
:1097200070BD304606F08AFF60B93046DDE90012B0
:10973000214407F0CBF840B9DDE9003213442B6037
:1097400002B070BD6FF06D00E9E7304606F0C2FF71
:109750006FF08D00E3E700BF2DE9F04184B00B9D71
:1097600000283BD090460A680F461E46511C8B428B
:1097700034D3825C04460291032A2FD1012202A92C
:10978000009203AAFFF78EFD002830DB039B002B1D
:1097900030DD0298411CB1422CD80A9E225CC6B929
:1097A000072A24D842B11C44044414F8010CC2F125
:1097B0000804A040C0B2D0B93960B8F1000F02D09F
:1097C000013BC8F8003075B100202A7004B0BDE834
:1097D000F081002AF0D06FF09100F7E76FF092006F
:1097E00004B0BDE8F081284604B0BDE8F0816FF018
:1097F0008B00EBE76FF08300E8E700BF0023136006
:109800000E2910D8DFE801F01B25320F0F0F3A9810
:10981000A2A9B0CE0F081100BD2800F01681B0F546
:10982000E87F00F0CE80002070470D2803D040F282
:1098300095239842F7D109238E4813607047582822
:1098400000F00B81B0F5CF7FEDD109238A4813607A
:10985000704740F28923984200F0FB8040F28F234A
:109860009842E0D1092385481360704740F2852370
:109870009842D8D10923824813607047452800F0E8
:10988000F48080382828CED82828CCD801A353F8D3
:1098900020F000BF439A00083B9A00082798000870
:1098A000339A0008279800082B9A00082798000888
:1098B000279800082798000827980008279800088C
:1098C000279800082798000827980008279800087C
:1098D00027980008239A00081B9A0008139A00088A
:1098E00027980008279800080B9A00082798000876
:1098F000039A00082798000827980008279800086E
:10990000279800082798000827980008279800083B
:10991000279800082798000827980008279800082B
:10992000279800082798000827980008279800081B
:1099300027980008FB990008742800F09280752889
:109940007FF471AF08234F481360704792287FF46B
:109950006AAF04234C48136070474F287FF463AF0D
:1099600008234A48136070474F2823D846287FF6BB
:109970005AAF473808283FF656AF01A353F820F0F6
:10998000D3990008CB990008F3990008EB990008D7
:10999000279800082798000827980008E3990008EE
:1099A000DB990008B0F5257F7FF43DAF09233848E7
:1099B0001360704797287FF436AF0423354813604F
:1099C00070470923344813607047082333481360F5
:1099D00070470823324813607047082331481360EA
:1099E0007047082330481360704708232F481360DE
:1099F000704708232E481360704703232D481360D7
:109A0000704703232C481360704703232B481360CF
:109A1000704703232A4813607047032329481360C3
:109A200070470323284813607047032327481360B7
:109A300070470323264813607047032325481360AB
:109A4000704703232448136070470623234813609C
:109A5000704709232248136070470523214813608B
:109A60007047082320481360704708231F4813607D
:109A7000704700BFB48501084C850108588501086E
:109A8000E8850108808501082C8601089085010879
:109A9000A0850108C88501086C850108AC8501080E
:109AA00098850108888501082486010864850108D5
:109AB000E085010800860108FC8501081086010880
:109AC000088601087C850108F8850108F4850108ED
:109AD00078850108048601080C860108C085010804
:109AE000D4850108CC8501081C860108148601086C
:109AF00070B5154684B000220C4603920A6830B156
:109B0000561CB34203D3825C0296062A03D06FF040
:109B10008B0004B070BD012202A9009203AAFFF7D6
:109B2000C1FB0028F3DBDDE9022303EAE3702B60CD
:109B3000226004B070BD00BF08B5034661B10622C3
:109B40007F280A7005D901311846FFF74BFB013019
:109B500008BD02204B7008BD7F28F5D8022008BD43
:109B60002DE9F04784B098460E4615460C9B0A46F0
:109B70000621074600930123019302ABFFF730FC57
:109B8000002818DB0024DDF80890D6F800A02C602F
:109B9000B9F1000F27D009EB0A0107EB0A0C7A187C
:109BA0001CF8013B1C4494452C60F9D1B8F1150F09
:109BB000316003D1002004B0BDE8F0874146286839
:109BC00003AAFFF71BFE01460028F3D0039B99452B
:109BD00006D14A4607EB0A000EF04AFB0028E9D0FE
:109BE0006FF09300E7E75146E0E700BF2DE9F04151
:109BF00000F51E7784B04FF0010804460092154628
:109C0000CDF8048003AB0E463A463021D0F87402FA
:109C1000FFF7E6FB002823DB009532464346394632
:109C2000039DD4E99D06FFF79BFF002835441CDB0C
:109C3000D4F87832AB420DD0EA1A022A10D1D4F807
:109C400074226AB1591C8D420AD3D35CC4F87812CD
:109C5000052B05D10020C4F8785204B0BDE8F0818E
:109C60006FF08B0004B0BDE8F0816FF08F00F4E777
:109C70002DE9F04184B09846012315460A9F002241
:109C800001930E46009704460B6830212A6003AA10
:109C9000039302ABFFF7A4FB002823DB43462A46CD
:109CA00003A920460097FFF75BFF00281DDB039BFD
:109CB0003CB1BB4205D25A1C974202D3E15C052954
:109CC00004D00020336004B0BDE8F08102339F422D
:109CD00005D3A25C002AF4D06FF09100F3E76FF097
:109CE0008300F0E76FF08B00EDE76FF08F00EAE79D
:109CF000002856D02DE9F0410E4688B000294DD0FD
:109D00004FF0010800921F461546CDF8048003AAC3
:109D10000B6830210446039305ABFFF761FB002875
:109D200037DB2B4604AA03A92046FFF7CBFC00280B
:109D30002FDB3A46022320460095FFF799FF0028C3
:109D400027DB0398431C9D4223D3215C062910D0B6
:109D50002046012405AB03AA042100950194FFF7D6
:109D60003FFB843015D0039B0598336008B0BDE8F5
:109D7000F081069007AB06AA2046CDF80480009536
:109D8000FFF72EFB002804DBDDE9063213440393C2
:109D9000DEE76FF08B0008B0BDE8F0816FF0AC003B
:109DA000E4E76FF0AC0070472DE9F04198460023DE
:109DB00086B09A4218BF9842059370D00F4600298A
:109DC0006DD00446012605AB15464246FFF790FFCD
:109DD00004AB3A4630212046CDE90086FFF700FB70
:109DE000002859DB434603AA39462046FFF76AFCA0
:109DF000002851DB05F580533A4621462846C3F832
:109E000048614346FFF77EFC002842DB43463A4662
:109E1000214605F50A70FFF775FC002839DB43463B
:109E20003A46214605F58A60FFF76CFC002830DBD6
:109E300043463A46214605F5CF60FFF763FC00280C
:109E400027DB43463A46214605F50A60FFF75AFCF0
:109E500000281EDB43463A46214605F6C820FFF798
:109E600051FC002815DB43463A46214605F54F6074
:109E7000FFF748FC00280CDB43463A46214605F62E
:109E80001870FFF73FFC002803DB002006B0BDE898
:109E9000F0816FF08E00F9E76FF08B00F6E76FF05E
:109EA000AC00F3E700B583B001ABFFF721FF03B0CF
:109EB0005DF804FB70B5002482B00194B8B113467C
:109EC0000E460A4601A90546FFF712FF041E08DBED
:109ED00001996318B34207D82246294428460EF058
:109EE000F9F9204602B070BD6FF08304F9E76FF016
:109EF000AC04F6E770B5002382B00193B8B10A460E
:109F00000E466B4601A90546FFF7F2FE041E08DB6C
:109F1000019963189E4207D32246294428460EF031
:109F2000D9F9204602B070BD6FF08304F9E76FF0F5
:109F3000AC04F6E758B151B10B68934207D800B5AD
:109F400083B001ABFFF7D4FE03B05DF804FB6FF004
:109F5000AC0070472DE9F0411F4686B00023039303
:109F6000002800F094800C46002900F090804FF00B
:109F700001080092164603AB0A46CDF80480302152
:109F80000546FFF72DFA002875DB23685A1C964218
:109F900076D3EB5C022B39D003AB22463021284626
:109FA000CDE90068FFF71CFA002864DB04AA06214B
:109FB0002846CDE900682368049305ABFFF710FA43
:109FC000002858DBDDE904231A449642226057D961
:109FD000531C9E424FD3A95C052942D04FF0010883
:109FE0000022334621462846CDE90082FFF7B4FB24
:109FF00010B106B0BDE8F08103AB224630212846FF
:10A00000CDE90068FFF7ECF9002834DB334603AAFA
:10A0100021462846FFF708FA00283BDB0C9B0399F2
:10A020000BB10C9B196023680FB1EA183A60194410
:10A0300003AA3346284621602146FFF7F5F9002898
:10A0400028DB0E9B039A0BB10E9B1A600D9B83B10C
:10A0500023680D991D440D601344236006B0BDE8CC
:10A06000F081023296420BD3EB5C73B16FF091003A
:10A07000BFE72368F0E76FF08B0006B0BDE8F08122
:10A080006FF0830006B0BDE8F0812260A6E76FF0B4
:10A09000AC00AEE76FF08E00ABE700BF2DE9F041FA
:10A0A000069D002D18BF002A26D00F46B0FA80F179
:10A0B0000446490900B3984605F5805328461646DC
:10A0C000C3F8481106F0BAFA98B93A46214628462C
:10A0D00006F0FCFB98B905F50A74204606F0AEFAC6
:10A0E00098B942463146204606F0F0FB98B9BDE8E3
:10A0F000F0816FF06D00FAE76FF0AC00F7E72846EB
:10A1000006F0E8FA6FF08D00F1E7284606F0E2FA73
:10A110006FF06D00EBE7284606F0DCFA204606F00B
:10A12000D9FA6FF08D00E2E730B5002489B0CDE9AF
:10A130000444CDE90644B2B114461A4605AB07AD56
:10A14000019306AB0295009304ABFFF703FF08B140
:10A1500009B030BD079B04980094DDE90521FFF7A5
:10A160009DFF09B030BD6FF0AC00F1E72DE9F04381
:10A17000ADF50B5D00250646894681B02946174698
:10A18000984602A80195F7F725FC041E17DB41F25B
:10A19000641029466844F7F71DFC041E0CDB4B468F
:10A1A000304602AA01A9FFF7FFFD044668B141F25B
:10A1B00064106844F7F712FC02A8F7F70FFC20467A
:10A1C0000DF50B5D01B0BDE8F08341F26412019022
:10A1D000434601A938466A44FFF7A6FF0446002813
:10A1E000E5D141F2641102A8694406F0EDFA10B11C
:10A1F0006FF07704DBE741F28C318CA8694406F0FC
:10A20000E3FA0028F4D10124D1E700BF10B5BDF86E
:10A2100008E068B1B2FA82FC4FEA5C1C42B140F23D
:10A220008524A64501D0604610BDBDE810409DE7DD
:10A230006FF0AC0010BD00BF98B1B2FA82F35B09B9
:10A240007AB1B2F81CC010B514686CB140F2852E1A
:10A25000F44501D0184610BD53682246BDE81040B1
:10A2600084E76FF0AC0070476FF0AC0010BD00BF2A
:10A2700010B3F8B50F46164600214FF45672044647
:10A280001D460AF055F87F230C22002184F8F53290
:10A2900004F54970A4F86C202822C4F8747284F87C
:10A2A0006D11C4E99F650AF043F86FF00103C4F82B
:10A2B0002453C4F83833F8BD704700BF10B3F8B565
:10A2C0000F46164600214FF4567204461D460AF00A
:10A2D0002FF87F230C22002184F8F53204F5497011
:10A2E000A4F86C202822C4F8747284F86D11C4E9B3
:10A2F0009F650AF01DF86FF00103C4F82453C4F8F9
:10A300003833F8BD704700BF68B138B504462546FC
:10A310002468E86808B10CF007FA28460CF004FA43
:10A32000002CF4D138BD704710B510200CF0C4F9E2
:10A33000044618B11022002109F0FAFF204610BD92
:10A3400068B138B5044625462468686808B10CF041
:10A35000EBF928460CF0E8F9002CF4D138BD704731
:10A3600007F08AB82DE9F04F06468FB088461546AB
:10A37000002940F0968000F16D0B00F14C07D6F8F3
:10A380007842AC4280F0C181D6F87402069400286D
:10A3900000F08280631C9D427ED3015D06930629F6
:10A3A00000F076814FF00109069305AA2B4606A915
:10A3B000CDF80090FEF776FF00286DDBD6F8780226
:10A3C0003A46D6F874420990DDE905351D44291A4C
:10A3D0002044059107F050F800285DD107AB3021EB
:10A3E000204609AACDE90059FEF7FAFF002853DB01
:10A3F000B8F1010F099B079A04D1E118C6F81023A0
:10A40000C6F80C131A449A42079240F20A814FF0A0
:10A4100000090127002309AA31210B93204608AB2C
:10A4200000950197FEF7DCFF08AB09AA3021204612
:10A43000CDE90057FEF7D4FF00282DDD0AAB09AAAD
:10A4400006212046CDE90057FEF7CAFF002825DB8C
:10A450000999CB1CAB421FD82144032204A809F060
:10A4600041FF9DF81030552B53D02A2B1ED19DF85B
:10A470001130862B00F0968009A92046DDE90923DA
:10A4800013440BAA01330993012300932B46FEF7D3
:10A4900009FF002880F2D3806FF08B000FB0BDE879
:10A4A000F08F00F26D1B00F1380768E7092BE3D14C
:10A4B0009DF81130922BDFD1DDE90931E2180A4411
:10A4C00012F801ACBAF1010F00F0C3800B440BAAE3
:10A4D00009A920460133009709932B46FEF7E2FEB7
:10A4E0000028D9DBC9F580700B9B9842ACBF0027D0
:10A4F0000127BAF1120F00F0C180BAF1190F00F074
:10A50000C280BAF1050FC7D103F1100C10228D499A
:10A510006BE09DF81130042BAED1099B9DF812A081
:10A52000DA1C04339D420992B6D30C930CA9A35CA8
:10A5300020460DAA009703932B46FEF7B3FE002892
:10A54000AADB0D9B0C9A002B0B930992A4DBBAF1AA
:10A55000030F00F0BD80BAF1040F00F0CA80BAF119
:10A56000060F00F0AF80BAF1070F00F0C880BAF113
:10A57000080F00F0CD80BAF10A0F00F0CF80BAF1D9
:10A580000B0F00F0D180BAF1050F00F0D380BAF1C3
:10A59000120F3ED1C9F58077581D05226A498742BE
:10A5A00037DB26E0DDE9092309A92046134400979B
:10A5B0000BAA013309932B46FEF774FE0028FFF621
:10A5C0006BAF0B9BC9F580706049984203F10E0296
:10A5D000B4BF012700279042BCBF00210127B8F17A
:10A5E000010F24D00E2203EB020C604511DB81B178
:10A5F0007FB90BEB090009EB020709F073FE09991B
:10A600000B9A0BEB0700214409F06CFE0B9B07EB48
:10A610000309099A1344079A93420993FFF4F9AE88
:10A62000CB4400208BF80000C6F8783236E7099A50
:10A63000C6F818332244C6F814230E22D3E7C9F50E
:10A6400080700B9B002298421146ACBF0027012767
:10A65000C9E70B440BAA09A920460133CDF800A095
:10A6600009932B46FEF71EFE0028FFF615AFC9F52D
:10A6700080700B9B9842ACBF0027012703F1050CAB
:10A6800005223149B1E703F1040C04223049ACE75B
:10A6900001230CAA009501930DAB0C94FEF7A0FECC
:10A6A0000028FFF6F9AED6F87402DDE90C32134447
:10A6B000C6F8783200283FF4EFAE01339D42BFF474
:10A6C00071AEE9E6C9F58077D81C0322214966E717
:10A6D000B8F1010F05D10399B36686F86C10A11883
:10A6E0007166191DC9F58070814293DC04221A49F4
:10A6F0007FE7C9F58077181D042218494FE7C9F58F
:10A700008077D81C0322164949E76FF08300C5E61D
:10A71000C9F58077181D0422124940E7C9F58077F2
:10A72000D81C032210493AE7C9F58077181D042286
:10A730000E4934E7C9F5807703F10E000E220C496B
:10A740002DE700BF789101088C9101086091010804
:10A7500070910108C491010894910108C891010801
:10A76000C0910108B8910108B4910108AC910108A9
:10A770009C9101082DE9F04385B00C9F70B381B323
:10A7800090F80090012598460446A9F11703029518
:10A79000AB4220D80B46164602A903AA0095FEF745
:10A7A00081FD002823DB0399A1F10C03142B1BD896
:10A7B000B8F1000F01D088F8009016B10298044457
:10A7C000346027B10020396005B0BDE8F083384619
:10A7D00005B0BDE8F0836FF09800F5E76FF0AC00CE
:10A7E000F2E76FF08300EFE76FF09400ECE76FF0B3
:10A7F0008B00E9E77F2803D801B10870012070477A
:10A80000FEF7F0BC08B5034661B130227F280A701C
:10A8100005D901311846FEF7E5FC013008BD0220DC
:10A820004B7008BD7F28F5D8022008BD08B5034647
:10A8300061B104227F280A7005D901311846FEF75C
:10A84000D1FC013008BD02204B7008BD7F28F5D82F
:10A85000022008BD08B5034661B131227F280A7085
:10A8600005D901311846FEF7BDFC013008BD0220B4
:10A870004B7008BD7F28F5D8022008BD103801288C
:10A8800008B594BF6FF05F006FF07F006BB10143BC
:10A890007F2A197006D9013319461046FEF7A2FC2B
:10A8A000013008BD02205A7008BD7F2AF4D802206A
:10A8B00008BD00BF8C4608B572B160F05F037F2908
:10A8C000137006D9013211466046FEF78BFC013049
:10A8D00008BD0220517008BD7F29F4D8022008BDB0
:10A8E0002DE9F043012A87B04FF0000480460E4660
:10A8F0001D46019400F2838002271146404601AABA
:10A90000FEF77CFF044658B3019806237F288DF894
:10A91000083028D84FF002098DF809002844302368
:10A9200038448DF8103048447F2843D840F2032340
:10A9300002258DF81100984545D1002E68D04A4671
:10A9400002A9304609F0CEFC2146019A06EB090027
:10A9500009F0C8FC019C002F6CD107EB09002044D2
:10A9600007B0BDE8F083030E6DD1030C6ED1030A6E
:10A9700014BF4FF002094FF0010909F1FF3C09F142
:10A98000FF330DF10A020DF1090E4FEACC0C52FA19
:10A9900083F369F07F025FFA89F98DF8092020FAC4
:10A9A0000CF2ACF1080C0EF8012F9E45F7D109F11D
:10A9B0000209B3E70DF11101FEF714FC40F2032385
:10A9C000451C9845B9D01EB304A92A46304609EB68
:10A9D000050809F087FC4A4602A9701909F082FCB3
:10A9E0002146019A06EB080009F07CFC019CCFB9D6
:10A9F00007EB09002844204407B0BDE8F083022A91
:10AA000004D140F2852398423FF476AF002774E7E3
:10AA100040F20323019C98459FD007EB090028448E
:10AA20002044E9E7A044052306F808304644002303
:10AA30007370DDE704EB090005220023284432543B
:10AA40003044437089E74FF0040996E74FF003095B
:10AA500093E700BF2DE9F04F1E4685B00023B0FA02
:10AA600080F90F9D904604464FEA5919DDF840A041
:10AA70000F46CDE9013319B1B9F1000F40F0DC8088
:10AA8000002F18BFB8F1000F00F0DF80B9F1000F00
:10AA900040F0DB80002D00F087800AF12D033A683A
:10AAA00033449A42C0F0DB8002AB324601A94046F3
:10AAB000FFF71EF9002880F2CB8001234FF0020B34
:10AAC00084F8079004F10509A371082384F805B000
:10AAD0000193BAF1000F7DD0BAF17F0F40F2998057
:10AAE0005FEA1A6340F0B7805FEA1A4340F0B5802E
:10AAF0005FEA1A2314BF02220122531E501E5FFA7E
:10AB000082FC0DF10D02DB0052FA80F003AA2AFA52
:10AB100003F1083B02F8011F9042F8D10CEB0A0345
:10AB2000022204F108010E980233FFF7D9FE019BBF
:10AB3000062200F1030B03445046E118E25401934E
:10AB40000131FEF74FFB019B421C134429469344FD
:10AB50005246E018019309F0C5FB019B04227F2EA9
:10AB600053440AEB0B0504EB03010193E25443D871
:10AB700002204E7035440344324641460544E018F5
:10AB8000019309F0AFFB30237F2D23703BD80226C1
:10AB900065702A4635444946A0190DF09BFB2846AE
:10ABA0003D6005B0BDE8F08F06F128033A689A428F
:10ABB00055D302AB324601A94046FFF799F8002869
:10ABC00046DA082304F10509E57101930223637154
:10ABD0000123A3710023022204F108010E98FFF75C
:10ABE0007FFE019B04227F2E034400F1030504EB4A
:10ABF00003010193E254BBD901313046FEF7F2FA6A
:10AC0000019B0130B6E7611C2846FEF7EBFA461CB3
:10AC1000BFE75A460AF1020304F108010E98FFF754
:10AC20005FFE019B06215A46034400F1030BE154E9
:10AC3000E11881F801A088E728369DB10AF10503E3
:10AC40006FF0C90033440B60ABE76FF0AC00A8E7CE
:10AC50006FF08B00A5E704224FE703224DE76FF06A
:10AC600083009EE76FF0C9000E609AE72DE9F0417E
:10AC70009AB01D460423144607460DF11E008DF8B8
:10AC80001D2002348DF81C3009F02CFB00232846CF
:10AC900002A91A46FFF724FE00EB040830230546FC
:10ACA000B8F17F0F8DF8003017D802268DF801809B
:10ACB00032466946384609F015FB2A46354402A952
:10ACC000B81909F00FFB7819224607A909F00AFB09
:10ACD00008EB06001AB0BDE8F0810DF10101404615
:10ACE000FEF780FA461CE3E708B506F0D5FA06F051
:10ACF000D9FA20EAE07008BD50B170B504460D469F
:10AD000016460021282209F013FB6661256070BDFC
:10AD1000704700BF08B310B50446406818B10BF087
:10AD200003FD00236360E06818B10BF0FDFC002315
:10AD3000E360206930B1626A40F285239A4204D010
:10AD4000002323610023A36110BDF6F747FE2069AD
:10AD50000028F5D00BF0E8FCF2E7704700285CD043
:10AD600090F85433DA0770B5054603D5406E08B144
:10AD70000BF0DAFCAB68012B49D095F854335B0635
:10AD80000CD56C6A54B126462468F06808B10BF003
:10AD9000CBFC30460BF0C8FC002CF4D1AC6A54B1AB
:10ADA00026462468F06808B10BF0BEFC30460BF074
:10ADB000BBFC002CF4D1EC6A54B126462468F06840
:10ADC00008B10BF0B1FC30460BF0AEFC002CF4D116
:10ADD0002C6B54B126462468706808B10BF0A4FCB3
:10ADE00030460BF0A1FC002CF4D16C6B54B126461C
:10ADF0002468706808B10BF097FC30460BF094FCA7
:10AE0000002CF4D105F54970BDE8704082E7286850
:10AE10000028B2D00BF088FCAFE770479EE700BF78
:10AE20002DE9F046ADF5017DDDE98B69002900F0E3
:10AE3000C9809246002A00F0C5801F46002B00F012
:10AE4000C180889B8A9A002A18BF002B00F0BA8024
:10AE5000002E00F0B780836904460D46042B00F2F3
:10AE6000B780DFE803F038541856270040F28923F2
:10AE7000994575D040F28F23994545D128465146D2
:10AE800006F01EFB054668B94FF4CF722023C4E9D3
:10AE900007230223A36140F28523899A9A4241D075
:10AEA0006FF093052046FFF735FF28460DF5017D2D
:10AEB000BDE8F086002540F28523899A9A42F1D1B7
:10AEC00061686846D4E90732FFF7D0FEA8426ED029
:10AED0006FF09A05E6E7899B436220200BF0ECFBBC
:10AEE00002466060002870D00123A361B9F5037F9A
:10AEF000C4D0BBD840F20523994531D0B9F5027FC3
:10AF00002ED0B9F5D07FB9D06FF0E705CAE7426817
:10AF1000ECE740F28523899A9A423ED0002504232B
:10AF2000A361C8E7002341F25C1000930BF0C4FB5F
:10AF3000206130460BF0C0FB2369E060002844D05C
:10AF4000002B42D0184662692168F6F7FBFC0546E3
:10AF50000028A7D1B6F5007F0ED96FF08305A1E7D1
:10AF60002846514606F088FA054600289AD158210D
:10AF70001423C4E907138CE7889B69463846226985
:10AF8000FFF7D2F8054600288CD132468A99E0684E
:10AF900009F0A8F90323A560A361236904F108025D
:10AFA0003146E068F6F7D2FD051E91DBB7E7A068F1
:10AFB00000288DD02A4669460DF05AF9054600282A
:10AFC00086D16FE76FF0AC056FE76FF07C0569E73E
:10AFD000002567E7704700BF704700BF10B55020DD
:10AFE0000BF06AFB044618B15022002109F0A0F9C9
:10AFF000204610BD70B50646806908B10BF094FB81
:10B00000306908B10BF090FBF46954B1254624680F
:10B01000686808B10BF088FB28460BF085FB002C14
:10B02000F4D1346A54B125462468686808B10BF03D
:10B030007BFB28460BF078FB002CF4D13046BDE8B2
:10B0400070400BF071BB00BF2DE9F843B1F100086F
:10B0500012DD00271546061FB94656F8044F34B1D5
:10B060002046E46C2946FFF7C5FF002CF8D10137D4
:10B07000C6F80090B845F0D1BDE8F883D9B10346D1
:10B0800010B57AB90C4603204FF0020E01224FF0A2
:10B09000020C84F800C04FF0010C01F802C001F866
:10B0A0000E3010BDA02003228C1C4FF0040E08703F
:10B0B00005204A70EBE76FF0AC007047002852D0D3
:10B0C0002DE9F8431646BAB1002915DD1F4601E007
:10B0D000013911D0047805460130002CF8D0230640
:10B0E0002BD4089B8B42A8BF0B467F2B1C4607D84E
:10B0F0004FF00208C1460AE06FF0AC00BDE8F883EB
:10B1000000211846FEF76EF800F10109C846A7EBCA
:10B1100008018C42A8BF0C46002C21DD324629785C
:10B120002046FEF797FA2246294606EB090009F069
:10B13000D9F804EB0800BDE8F883089B5C1E8C423C
:10B14000A8BF0C46601C7F2806D90021FEF74AF8EC
:10B1500000F10209C846DAE74FF00308C146D6E716
:10B160006FF08300CAE76FF0AC007047002B18BF88
:10B1700000282DE9F041069E21D09046FAB10A68D8
:10B180000D460132B24217D81C46334607462246C6
:10B19000FEF74AF9064660B92268531E1F2B11D8E4
:10B1A00029684046394409F09DF82B682268134409
:10B1B0002B603046BDE8F0816FF08306F9E76FF051
:10B1C000AC06F6E76FF08B06F3E700BF002800F04F
:10B1D000EE802DE9F04FB2FA82F78FB015467F0965
:10B1E000002A00F0DE80176000F51E76D0F87C3271
:10B1F0004FF001080446324600933021CDF8048018
:10B2000006ABD0F87402FEF7EBF80028C0F2B68067
:10B21000CDF804803021D4F87832069AE3601344E4
:10B220003246C4F87C32009306ABD4F87402FEF7C1
:10B23000D7F80028C0F2A280D4F87822069BD4F870
:10B240007C1213448B42236100F29880D4F874027C
:10B25000002800F0938002EB08018B42C0F08E8042
:10B26000815CA0297DD02762009304F5217204F54A
:10B2700029733146FFF77AFF00287FDB226904F14A
:10B2800018012046FEF7B2FC002879DB2269002174
:10B290002046FFF767F8002872DB01233246302191
:10B2A00001932369009303ABD4F87402FEF798F876
:10B2B000002879DB039B04AF4FF0000A05AA314652
:10B2C000CDF814A0D4E99D0909EB030800EB0903AC
:10B2D000CDF80480C4F8FC320DF10B030097FEF7A3
:10B2E00039F8504554DB5146202206A8D34609F0D0
:10B2F0001FF806A8DDE9042108F0F4FFD4F878A2CD
:10B30000AAEB0903C4F80033314600260DF10B0304
:10B3100005AA0596CDE90078D4F8740200EB0A0777
:10B32000C4F80473FEF716F8B0422CDB3146202235
:10B3300006A808F0FDFF06A8DDE9042108F0D2FF09
:10B34000D4F87832A3EB0A03C4F80833BBF1000F3A
:10B350001BD12269012120460FB0BDE8F04FFFF755
:10B3600001B802323146C4F8782204F12002FEF717
:10B37000A9F9002802DB236A032B0ED96FF08B009A
:10B380000FB0BDE8F08F6FF0960BC5F800B0E0E7A6
:10B39000D4F878A26FF0950BB6E7D4F8740223695D
:10B3A00062E76FF0AC00EBE76FF08B0BEDE76FF04F
:10B3B000AC0070472DE9F04188B00027044603AA8D
:10B3C0000397FFF703FF00283ADB142204F138014A
:10B3D00004F14C004FF001080CF04AFFB0FA80F085
:10B3E00094F8563304AA4009D4F87452302160F31B
:10B3F0004103284684F85633D4F87C320093D4F8BD
:10B400007832CDF80480049305ABFDF7E9FFB8422C
:10B410003EDB04F11C0204A92846DDE904631E4456
:10B4200002230096FEF724FC002831DBE26940F29B
:10B4300085239A4207D0049B6FF09300C4F87832BA
:10B4400008B0BDE8F081334607AA04A92846019751
:10B45000CDF80080FEF780F9E8B9049E04AA079BA6
:10B4600030212846CDF804803344009306ABFDF725
:10B47000B7FF0028049B0FDB35440398DDE9062164
:10B48000256013446160C4F8783208B0BDE8F081EB
:10B490006FF08B00D4E7049B6FF08B00C4F8783218
:10B4A000CEE700BF2DE9F04F2DED028B9DB00C9340
:10B4B00000230B9109920F93002801F0F180D0F83E
:10B4C0003C238346002A35D0099A0693141E0B9B11
:10B4D00018BF01245D1F18BF0125B4B1ADB10B9B8E
:10B4E0000F2B12D0DBF82043002C01F02F81099B99
:10B4F00023F00205012D00F06081052B00F05D8135
:10B50000099B043B012B40F25585099ADBF84C332B
:10B51000052A02D0002B40F04181069ADBF8503317
:10B52000002B18BF1A46069206981DB0BDEC028B80
:10B53000BDE8F08FC0E9D3220999FFF73BFF021E57
:10B540000692C0F23281DBF87832DBF810209342A9
:10B5500080F0C280DBF82010012941F3C380D01AAB
:10B56000DBF874220024D1180890109408EE101A09
:10B57000CBF8A812CBE9AB03002901F09180D35C92
:10B580000125A32B109540F0B583034611AA084668
:10B59000009510A9FDF786FEA042C0F2AB8301958D
:10B5A00018EE100A00931D4613460A463021FDF797
:10B5B00017FFA042C0F29E83109B9D4240F28880FC
:10B5C0000D94CDF828B0089D012310AA30210193D5
:10B5D00018EE100A11AB0095FDF702FF002818EED7
:10B5E000106AC0F287830024062312AA10A918EE5D
:10B5F000100A00951294FEF7B3FA031E0693C0F2E8
:10B600009F84109B5A1C9542C0F0D387F15C01299E
:10B6100000F09C85089B012510AA0421009318EED8
:10B62000100A11AB0195FDF7DBFE031E18EE106A40
:10B630000693C0F2858410A90EC9A82B06EB010A57
:10B64000079200F261857F2B40F2FC84803B282B1F
:10B650002AD8DFE813F03603020329006A02290022
:10B66000F7012900290029002900290029002900C3
:10B67000290029002900B7035F032E0029002900B3
:10B68000DA008D0114012900290029002900290070
:10B690002900290029002900290029002900290062
:10B6A000290029002900E501002C0D9B18BF234625
:10B6B0000D93079B0B4419461093089B8B4282D82D
:10B6C0000D9BDDF828B01BB16FF09F03CBF8503312
:10B6D000DBF81030CBF87832DBF87C220FA9584623
:10B6E000FEF784FA031E0693FFF61EAF0123002522
:10B6F00018AA0BF51E71CDE90035DBF87C32DBF8BA
:10B700007402FEF729F8031E069340F03187DBF838
:10B710007812DBF87422189B0A44CBF814300B44DF
:10B72000CBF86020DBF87C22CBF87832934240F0F3
:10B73000E182DBF818200F9B9A4240F0F4879BF8D7
:10B7400054339C070DD4DBF8000050B1DBF8041033
:10B7500039B10BF5337205F08FFE069000287FF4A7
:10B76000E3AE9BF8563313F0020300F0F1830B9A1B
:10B770000999551F18BF01250C1E18BF01240F2A57
:10B780000CBF002205F0010212B1002C40F0E08352
:10B790007F238BF8F532A0E66FF07C0306930698C2
:10B7A0001DB0BDEC028BBDE8F08F13469733012B23
:10B7B0003FF6BAAECBF84C23C5E6DBE90560DBF813
:10B7C0006020DBF80C1023690292CDE90360626807
:10B7D000019222680092DBF87402DBF81020521A02
:10B7E00001440BF54970FFF71BFB069000287FF41E
:10B7F0009BAE012D40F0E686DBF82043002C40F0A4
:10B80000D9836FF0C50306938EE60A9D95F85433ED
:10B810005A0700F11887D5F85423E305864843F00A
:10B82000040310400343C5F85433002C40F01F8735
:10B83000079B17AE012530210093324618AB5046C6
:10B840000195CDE91744FDF7CBFD0028C0F25282E7
:10B85000179A0799531C9942C0F04C821AF802209B
:10B860001793802A00F0A2850A9A92F8543364F361
:10B87000820382F85433DDE91013079319E70A9F16
:10B8800097F8553313F0010340F0DD86079D5046CD
:10B890001693E306009516ACD7F8541343F480735F
:10B8A000664A0A40302113432246C7F85433012325
:10B8B000019318ABFDF794FD0028C0F21B82169B84
:10B8C0009D4227D917AE0A2332462146504600959D
:10B8D000FEF746F910F1940F19D00028C0F20A8241
:10B8E000179B4F2B0BD8462B11D9473B082B0ED853
:10B8F000DFE803F0373029220D0D0D1B1400972BC4
:10B9000005D197F8FA3243F0010387F8FA32169B13
:10B910009D42D8D8DDE910130793CAE697F8FA32AA
:10B9200043F0400387F8FA32F1E797F8FA3243F030
:10B93000200387F8FA32EAE797F8FA3243F0100367
:10B9400087F8FA32E3E797F8FA3243F0080387F80A
:10B95000FA32DCE797F8FA3243F0040387F8FA3258
:10B96000D5E797F8FA3243F0020387F8FA32CEE7C8
:10B970000A9890F8553313F0100340F06486079D41
:10B9800064052F4A0095D0F8541318930A403021CB
:10B99000CDE9163344F4805316AC13432246C0F865
:10B9A000543301235046019317ABFDF719FD0028CE
:10B9B000C0F2A081179B002B00F09C81169A531CAB
:10B9C0009D42C0F097811AF802201693802A00F059
:10B9D000E484812A40F08E810A9A92F8553343F02C
:10B9E000400382F8553321460123079C18AA00938F
:10B9F00050462346FDF756FC0028C0F27B81189B79
:10BA0000012B00F37781169B9C4240F273811AF858
:10BA100003300A9A82F8F632DDE91013079348E6FC
:10BA20000A9A92F85633DE0700F10D8643F00103BF
:10BA300082F856333DE600BFFBFF7FFFFFFEFFF7B6
:10BA4000FFEFDFFF0A9890F8555315F0080540F016
:10BA5000FA85D0F854132305AB4A43F400630A4037
:10BA60001343C0F85433079BCDE91755002B00F062
:10BA700041819AF800200123302A179340F03A813F
:10BA8000009318AA079B17A95046FDF70BFC002846
:10BA9000C0F23081DDE91732002AC0F22B813FF479
:10BAA00039AFDA1C079C9442C0F065861AF803008F
:10BAB000591C012840F03C861AF80100991C012805
:10BAC00040F036861AF801100A9D003995F85403A3
:10BAD00018BF0121944261F3041085F854037FF6E6
:10BAE00019AF063307999942C0F00481531C079996
:10BAF0009942C0F0FF801AF80210022940F0FA8043
:10BB00001AF803300232012B40F0F4801AF80230A8
:10BB10000A9A82F8F43292F8543343F0200382F800
:10BB20005433DDE910130793C3E50A9991F95533AE
:10BB3000002BC0F28885079AA30501275046009282
:10BB400043F40043D1F8542322F481021343C1F893
:10BB5000543314AB302101971A4608EE903A002373
:10BB6000CDE9143315ABFDF73BFC0028C0F2C280D1
:10BB7000159C002C00F0BE800A9A92F8543343F0D2
:10BB8000400382F854337FF7C5AE149B9146079D5E
:10BB900018EE908A1FE0A42B00F0ED82812B00F0BC
:10BBA0005983862B00F08883A02B00F022832B463C
:10BBB00018AA41465046FDF775FB0028C0F29A804E
:10BBC000189ADDE9143413443444E41ACDE91434EA
:10BBD000002C7FF79FAE5E1C013C14961AF80330D0
:10BBE0001594822B0097D6D12B4618AA4146504671
:10BBF000FDF758FB00287DDB149B1020F41A159BE1
:10BC0000234415930AF058FD044600283FF4C4ADC0
:10BC10001022002108F08CFB189802230130636089
:10BC20000AF04AFDE060002800F09585189AA260AD
:10BC30001499514408F056FB189BE2680021D15436
:10BC4000D9F824302360C9F82440189A159C149B15
:10BC5000A41A134415941493BAE70A9991F954332A
:10BC6000002BC0F2F084D1F85403A2060C462749F9
:10BC700042F08002079B014050460A4317A9C4F8CE
:10BC800054230022CDE90022179218AAFDF764FD83
:10BC9000002840F09384189B63B3022B2ADC179989
:10BCA0001AF80120A4F8F8227FF434AE51444B78FE
:10BCB00042EA03220A9BA3F8F822DDE91013079356
:10BCC000F7E40A9D95F854339B0700F1BC84D5F83E
:10BCD000542363060E4843F0020310400343C5F8A3
:10BCE0005433002C40F0C384079B002BCDE917444C
:10BCF00000F342846FF08B03069306981DB0BDECF1
:10BD0000028BBDE8F08F00BFFFF7EFFF7FFFFFFB67
:10BD1000FDFFFFFD0A9890F8552312F0020240F053
:10BD20009284079FA304C0F8BCA218ACC0F8C072EC
:10BD300043F40073009717AED0F854130125CDE9F2
:10BD40001722BD4A0A40302113433246C0F854330B
:10BD5000234650460195FDF743FB0028CADB2346E6
:10BD6000324630215046CDE90075FDF739FB0028F9
:10BD7000C0DB179B59198F42C0F0B9841AF8032011
:10BD8000A02A00F02E83079898427FF6C3ADA12A1F
:10BD900000F07084179B5A1C07999142FFF4BAADCA
:10BDA0001AF80330A22B7FF4B5AD17922246012476
:10BDB000079B314650460094FDF774FA0028BFF601
:10BDC000A9AD97E70A9890F8543313F0100F0CBF01
:10BDD0006FF0C501002113F00803069140F0338491
:10BDE00007992406954A4FF001080091D0F85413A2
:10BDF000CDE913330A4044F008033021134313AA5A
:10BE0000C0F8543314AB5046CDF8048008EE903A95
:10BE1000FDF7E6FA0028FFF66DAF139B079A9A42EA
:10BE200040F28A805A1C13A95046139218EE902AA9
:10BE30001AF80340079BCDF80080FDF733FA00287D
:10BE40007FF758AFA02C00F09281A12C7FF452AF65
:10BE50000A9B03F1340B0022DDE9133415920AEB3F
:10BE600003052246002C61D00DF1580905E0DDE9FB
:10BE700015321344A342159356D24B4615AA3021CE
:10BE80002846CDE90048FDF7ABFA0028FFF632AFAF
:10BE9000159BA342BFF42EAF5A1C18A9284618922E
:10BEA00017AAEF5C2346CDF80080FDF7FBF90028C8
:10BEB0007FF720AF07F01F06731E012B01D9042E58
:10BEC000D5D1BF060AD50A4617AB30212846CDE9A1
:10BED0000048FDF785FA0028FFF60CAF10200AF0A5
:10BEE000EBFB074600283FF405AF179801300AF036
:10BEF000E3FB7860002800F0F0831899179A294432
:10BF000008F0F0F97A68179B0021D154DBF8003073
:10BF10003E733B60179BCBF80070BB60DDE91532C8
:10BF20001344A3421593A8D3DDE913321344079AAF
:10BF30009A4213933FF676AF069B002B3FF4EAAC90
:10BF4000069BDDF828B0A0333FF4BEABFFF7ECBA98
:10BF500009999BF854230C1E0B9918BF01244D1FFF
:10BF600018BF0125500740F1F9810C99CBF8201337
:10BF7000002900F0F8830C9B14220BF14C0003F114
:10BF800024010CF075F9002800F053820C9B9BF8FB
:10BF90005423CBF820339BF8563303F002035707A2
:10BFA00040F150820022CBF82023002B3FF495AAC9
:10BFB000FFF7EEBB224B1B68ADF85C301B0C8DF815
:10BFC0005E30236A002B00F004830DF15C0A0DF152
:10BFD0005F0918AF4FF000081AF8016B102200211A
:10BFE000384608F0A5F9022E00F00A83042E00F06E
:10BFF000C681012E7FF405ACDBF81433DBF8285042
:10C000002BB11B93DBF81833CDE918861A93002D5A
:10C0100000F0F9823246216A2846FDF78BF80128A4
:10C0200032463FF4EEABE1692846FDF7A3F801285C
:10C030007FF4E7AB2D68EAE7FFFDFBFFF7FFFFFEAC
:10C04000D0910108452B7FF42FAB0A9890F85583C7
:10C0500018F0040840F0F782079FE304019517AE3B
:10C06000009743F48063D0F8541316ACBA4ACDF865
:10C0700058800A403021CDF85C8013432246C0F836
:10C08000543333465046FDF7ABF90028FFF632AE85
:10C09000169B9F427FF63EAC079F334622463021D7
:10C0A0005046CDE90075FDF79BF90028FFF622AE5A
:10C0B000072318AA214650460097CDF86080FDF767
:10C0C0004FFD0028FFF616AEDDF858E03B4632463D
:10C0D00021460EF1010C50466745FFF40BAE1AF8ED
:10C0E0000E900095CDF858C0FDF7DCF80028FFF65B
:10C0F00001AEB9F1860F00F02181DDE9163213445B
:10C100009F421693C9D805E440F2F12293427FF48E
:10C11000CBAA0023079C18AA17A95046CDE90033E3
:10C12000CDE917332346FDF717FB0028FFF6E2ADF4
:10C13000179B9C427FF6DEAD1AF803300A9A82F80C
:10C140001C33DDE910130793FFF7B3BAD91C089825
:10C150008842C0F02E82B25C0233012A7FF4CAAD5D
:10C16000F45C1091003C18BF0124FFF753BA0A9BFE
:10C1700003F1300B6FE62B4618AA41465046FDF7F7
:10C1800091F80028FFF6B6AD1346302142465046DE
:10C19000CDE90057FDF724F90028FFF6ABAD149B5D
:10C1A0001020F41A159B234415930AF085FA0446CF
:10C1B00000283FF4F1AA1022002108F0B9F81898DD
:10C1C0000423013063600AF077FAE060002800F091
:10C1D000C282189A1499A260514408F083F8189BFF
:10C1E000E2680021D154D9F82C30C9F82C402360E2
:10C1F0002BE516AC4FF0000B2B464146224650462D
:10C20000CDF85CB0FDF74EF85845FFF673AD149BC2
:10C210005046159AF31A00951344169A9B1A17AABA
:10C2200015930923FDF79CFC5845FFF663AD2246A4
:10C230002B46414650460097FDF734F85845C0F26A
:10C240002E81DDE91432B418169A1344E41ACDE9AC
:10C250001434BDE42B4618AA41465046FDF722F897
:10C260000028FFF647AD149B1020F41A159B2344B9
:10C2700015930AF021FA044600283FF48DAA1022F3
:10C28000002108F055F81898676001300AF014FA98
:10C29000E060002800F05F82189A1499A26051446F
:10C2A00008F020F8189BE2680021D154D9F8283012
:10C2B000C9F828402360C8E42B4618AA41465046D6
:10C2C000FCF7F0FF0028FFF615AD149C159B361BFC
:10C2D00018983344159323189D42C0F26A810028B0
:10C2E00040F3A580611E0023514406E02F2A03F18C
:10C2F000010300F08081984203D011F8012F3A2AFF
:10C30000F4D10238984240F37681234453445A785A
:10C310002F2A40F070819B782F2B40F06C811020E9
:10C320000AF0CAF9044600283FF436AA1022002178
:10C3300007F0FEFF18980623013070E4189B742B59
:10C340007FF4DBAE169B0A9A5344C2F8B432179BB3
:10C35000C2F8B832FFF7DEBAFFFBF7FF910703D54B
:10C360000999032940F068810C99CBF82013002922
:10C370007FF415AE002B3FF4B0A8FFF709BADBF845
:10C380000C33DBF82C50002B3FF441AE1B93DBF851
:10C390001033CDE918861A9339E60A9A92F8553384
:10C3A00043F0200382F85533FFF71DBB079B18AA03
:10C3B000314650460095FCF775FF00287FF79AAC90
:10C3C000179B18999A440A9B142903F5387000F0BA
:10C3D0006C810246504605F04FF80028BFF69AAA35
:10C3E00088E4079F2246179150463B463146009508
:10C3F000FCF758FF0028FFF67DAC179800EB050E00
:10C40000774505D31AF800C0BCF1A00F00F0758184
:10C41000189A02441792079B93427FF67BAA511CFD
:10C42000079B8B42FFF4B6AC1AF80220AFE400235E
:10C4300067E7DBF82033002B3FF4A8AD9BF85633B9
:10C4400003F00203002B7FF4A3A99BF85423DBF82D
:10C450002013900640F1C3809BF8F402D6068BF8B7
:10C46000F5027FF53AA8130600F128818B7A9842ED
:10C47000FFF433A8002B40F02A8100238BF8F5321B
:10C48000002C3FF442A8002D3FF43FA80B9B0F2B3C
:10C490003FF43BA86FF0ED030693FFF745B8149AFD
:10C4A000CDF860B0531CDDF85CB09D42FFF422ACC7
:10C4B0001AF802201493A02A7FF41CAC2B4618AA69
:10C4C00050460097FCF7EEFE0028FFF613AC102054
:10C4D0000AF0F2F8044600283FF40CAC10220021C8
:10C4E00007F026FF40F209139B4540F0B880149BEB
:10C4F0005A1C9542C0F0F0801AF803301492162BA3
:10C5000000F2EA80AD4A22FA03FB6FEA0B0B1BF044
:10C51000010B40F0E1802B4618AA41465046009797
:10C52000FCF7C0FE0028C0F2D7801898C4F804B009
:10C53000A06001300AF0C0F8E060002800F0CC8074
:10C540001499189A514407F0CDFE189BE26802F83E
:10C5500003B0D9F82430C9F824402360DDE914324F
:10C56000B418189A1344E41ACDE91434FFF730BB19
:10C57000FEF6DAAFFFF7DDB8079B17AA0421504695
:10C5800000930123019318ABFCF72AFF002804DC79
:10C590000028BFF6BFA9FFF7ADBB189917980A9BF3
:10C5A0001429504403F5337352D01A4604F064FF43
:10C5B000EEE76FF083030693FEF7B6BFBFF6AAA9B6
:10C5C000FFF798BB099B043B012B3EF69EAFFFF79C
:10C5D00013B9E369002B7FF4F8ACFEF796BFD606DB
:10C5E0007EF57BAF8A7A002A3FF448AF013A8BF898
:10C5F000F522FEF772BF6FF0A0030693FEF794BF1B
:10C60000DBF8245003E51A9B002B11DD1B9B7BB14B
:10C610003246216A3846FCF78DFD01283FF4F1A827
:10C620003246E1693846FCF7A5FD01287FF4E9A808
:10C63000D1453EF46AAFCFE40C9ACBF82023002A10
:10C640003FF4B0AC97E46FF08F030693FEF76CBF36
:10C650000A460146184607F045FEFFF75BB9149BF2
:10C660002046189A134414930AF05EF876E70D9466
:10C67000FFF71FB80123079D17912246009331460B
:10C680002B465046FCF70EFE0028FFF633ABDDE9E3
:10C69000173213449D4217933FF67DABFFF73AB92B
:10C6A0006FF0AC030693FEF73FBF0A46514607F012
:10C6B00019FEDDE910130793FEF7FBBFBBF8F83254
:10C6C0005F073FF5D3AE8B7A002B3FF4D6AE013B2C
:10C6D0008BF8F532FEF701BF274638460AF024F8FA
:10C6E000FFF708BB6FF08C030693FEF71DBF079A98
:10C6F0009A427FF60FA9FFF74EBB50460095CDF842
:10C700005CE0FCF7CFFD0028FFF6F4AA179A079922
:10C710005319994203D31AF80210862938D0189B6E
:10C720001A44179277E66FF097030693FEF7FCBE64
:10C730000A9991F854236FF3041281F85423079A4D
:10C740009A427FF6E7A81A46FFF7D0B96FF0BB030D
:10C750000693FEF7E9BE6FF07C032046069309F0CE
:10C76000E3FFFEF7E1BE91077FF5FEAD09990329CE
:10C770003FF4FAAD16E40A9991F8542365F30412D4
:10C7800081F85423079A9A427FF6C4A8FFF7B2BAF9
:10C7900017932246079B314650460095FCF782FDD1
:10C7A0000028FFF6A7AA0A99DDE91732C1F8C822C6
:10C7B0001A4453441792C1F8C4322CE600104800C2
:10C7C00070B50446FEF76EFE051E07DBA06E00285E
:10C7D00006DCE26940F285239A4219D0284670BDF2
:10C7E000013009F069FF064620B3D4E9191207F0B9
:10C7F00079FDA36E00226666F25494F85433E26920
:10C8000043F0010384F8543340F285239A42E5D182
:10C810002368002BE2D060680028DFD009F04CFFCD
:10C82000064638B1D4E9001207F05CFD012326600A
:10C83000A360D3E76FF07C05D0E700BFC0E700BF7F
:10C8400048B30B2A2DE9F0410E4682B00446154646
:10C850001F461DD8134B03EB8203D3F81C8106F14E
:10C8600014021046019209F027FF2060B0B1019A2E
:10C87000002107F05DFD2468002004F11403E56049
:10C88000C4F8108067602360A66002B0BDE8F08144
:10C890004FF00308E3E76FF0AC0070476FF07C00E7
:10C8A000F3E700BF1485010868B138B50446006895
:10C8B00040B1C368012B07D000250560856009F0F1
:10C8C00033FF256038BD70470368002BF4D08168C2
:10C8D0000029F1D0194400251D7001339942FBD184
:10C8E000EAE700BF48B30B2A2DE9F0410E4682B0BB
:10C8F000044615461F461DD8134B03EB8203D3F89D
:10C900001C8106F114021046019209F0D5FE206048
:10C91000B0B1019A002107F00BFD2468002004F15A
:10C920001403E560C4F8108067602360A66002B05D
:10C93000BDE8F0814FF00308E3E76FF0AC0070470B
:10C940006FF07C00F3E700BF1485010868B138B5CB
:10C950000446006840B1C368012B07D0002505607C
:10C96000856009F0E1FE256038BD70470368002B43
:10C97000F4D081680029F1D0194400251D700133DD
:10C980008B42FBD1EAE700BF15280CD8DFE800F0A6
:10C990000E1F0B0B370E0B0B0B0B0B1F170B170E72
:10C9A0000B0B0B0B272F6FF0AC00704709B1194B25
:10C9B0000B60002A2BD0184B00201360704709B180
:10C9C000164B0B601AB3164B00201360704709B169
:10C9D000144B0B60DAB1144B00201360704709B19F
:10C9E000124B0B609AB1124B00201360704709B1D3
:10C9F000104B0B605AB1104B00201360704709B107
:10CA00000E4B0B601AB10E4B0020136070470020D4
:10CA1000704700BFD4910108F0910108809201088D
:10CA20009C9201084092010860920108B8920108A6
:10CA3000D4920108F0920108189301080C920108A1
:10CA4000289201082DE9F04F144685B09B4600233B
:10CA500006460D4601AA694620460293CDE90033F9
:10CA6000FFF792FF002840F09A800099DFF8B0812C
:10CA7000DFF894A1DFF8AC912A46304606F09AFB25
:10CA80006149074688B9012C72D00C2C40F0818096
:10CA9000009B43457DD12A463046CDE900A906F0EA
:10CAA00089FB594907460028EDD0009806EB050997
:10CAB00007F036FC07EB0008C1450BD9434602E0FE
:10CAC0009945984606D0984613F8012B0D2AF7D0C1
:10CAD0000A2AF5D0109BB3F1000A18BF4FF0010AE3
:10CAE000012C02D1BAF1000F5ED1A9EB0802019925
:10CAF000404606F05FFB074600287DD0019807F00E
:10CB00000FFC3B1899450AD91A4610781346013292
:10CB10000D2801D00A2850D191451346F5D10F9A1E
:10CB20000AB19B1B9360A7EB0806B54261DB002EA0
:10CB3000CCBF00250125002D5BD122460E9B31463E
:10CB40005846FFF77DFE041E0EDBDBF80070314611
:10CB500040463B4653F8082B00F0B6F9002848DB66
:10CB60002A4B009A9A4231D0204605B0BDE8F08F9A
:10CB7000009B274A25489342264905D0834208D185
:10CB8000254B0091019377E7244B014600900193D8
:10CB900072E76FF0A104204605B0BDE8F08F0446AF
:10CBA000204605B0BDE8F08F194B009A9A429CD1FF
:10CBB00040F28523109A136097E79945AFD9002872
:10CBC00008BF13460F9A002AABD1ACE7386802AB16
:10CBD000BA6803A90395FDF78BF8002807DDBAF1C1
:10CBE000000F04D0029B2C46109A1360BCE700246F
:10CBF000BAE76FF08304B7E70F9B002BF9D00F9BC8
:10CC00006FF083049D60AFE73C930108B892010880
:10CC100040920108F092010818930108D49201088B
:10CC2000809201085C93010830B587B014460A9DD4
:10CC300000950B9D01950C9D02951D46FFF702FF87
:10CC400008B9012C01D007B030BD2C6805AAA16835
:10CC50002068FDF72FF9031E4FF00000C8BFA36046
:10CC600007B030BD2DE9F0430025A9B0AA4218BF96
:10CC7000AB42049533DDB0FA80F504466D0970B31C
:10CC80000DF114098846174629468C2248461E464F
:10CC900007F04EFB309B2046414601220693114B84
:10CCA000CDF80490059304AB02950095FFF7CAFEFA
:10CCB000041E06DB049B23B19A68B24208D96FF0C8
:10CCC000AC0404A8FFF7F0FD204629B0BDE8F083CE
:10CCD0001968384607F006FB049B9C68F1E76FF083
:10CCE000AC04F1E7C191000870B51D46002386B081
:10CCF0009A4218BF98420A9C059325D09D4223DD95
:10CD000034F00803164601D0052C1DD1002322461D
:10CD1000CDE90133009305ABFFF794FE041E06DB5B
:10CD2000059B23B19A68AA4207D96FF0AC0405A805
:10CD3000FFF7BAFD204606B070BD1968304607F00F
:10CD4000D1FA059B9C68F2E76FF0AC04F2E700BFF4
:10CD500000B370B5B2FA82F61546760992B10B4669
:10CD6000044669B1106868B1216859B1626890429F
:10CD700008D3184607F0B6FA636830462B6070BDDA
:10CD8000036813B96FF0AC0070BD63686FF0C90041
:10CD90002B6070BD6FF0AC00704700BF2DE9F04311
:10CDA000914685B00C461E46D1F80080054620B35A
:10CDB00008F10102934220D310F8082003AF062A9D
:10CDC0001DD001223B463021284601922246009682
:10CDD000FCF706FB002820DB039B4A46216805EB95
:10CDE00008001944A1EB080104F046FB2368039AEC
:10CDF0001344236005B0BDE8F08303AFE1E70122EF
:10CE000000923A46FCF74EFA002806DB0A68039BBC
:10CE100002EB0308C1F80080D3E76FF08B00E9E76D
:10CE20000B6830B5146833B310F804C000EB040E7F
:10CE3000BCF1200F0CD1012B0AD90134E518EC1AF2
:10CE4000013B1EF801CF012B02D9BCF1200FF6D017
:10CE5000BCF10D0F1DD0BCF10A0F1AD0BCF1200F90
:10CE600013D1234400EB040C581EA042A0EB040392
:10CE700004F1010402D16FF0830030BD1CF801EF12
:10CE8000BEF1200FF1D0002BF5D00B600020146014
:10CE900030BDBCF10D0F04F1010E03F1FF3509D0D7
:10CEA000BCF10A0F0DD1002DE5D02B4610F80EC0B5
:10CEB0007446D3E72DB110F80EC09D1E04F1020E8A
:10CEC000EEE76FF0990030BD2DE9F04F89B09B4639
:10CED000044601F13F00019200251A684B1C0591A0
:10CEE000A3EB9013079503EB4303B2EB930FC0F052
:10CEF00022810329009540F2F680DFF8448207AAD8
:10CF000005A92046FFF78CFF002840F00F81079B02
:10CF1000581CE55C0790002D00F0E580059B20463D
:10CF2000013B0593FFF77CFFA8B9059B0798013BE0
:10CF3000265C0593431C20460793FFF771FF50B909
:10CF4000059B0798013B275C0593431C20460793EC
:10CF5000FFF766FF20B18146484609B0BDE8F08F73
:10CF6000059A079B013A029205925A1CE35C0792CC
:10CF70003D2B00F0D0803D2F00F0D5804FF0010A0E
:10CF8000A5F12B01A6F12B0CC9B25FFA8CFC4F293D
:10CF900000F2C980BCF14F0F00F2C580A7F12B0E43
:10CFA000A3F12B095FFA8EFE5FFA89F2BEF14F0FF3
:10CFB000039200F2B8804F2A94BF0022012204920B
:10CFC000002A40F0B080B7F13D09009A18BF4FF039
:10CFD000010909F101099144DBF80020D144914590
:10CFE00000F2A980C5F16A0501F00F090CF00F0AE3
:10CFF00001F03F010CF03F0CC6F16A0618F8012061
:10D0000049F0400918F80C10C5F3C01C4AF0400A5A
:10D0100018F809900CF1FF3C45F3C01518F80AA068
:10D020003D2F02EA0C0CC6F3C01246F3C01609EA03
:10D03000050502F1FF320AEA060645EA0C0502EA96
:10D04000010246EA02066BD00EF00F01C7F16A0C2E
:10D050000EF03F0E41F0400118F80E2018F801E0E4
:10D06000CCF3C0114CF3C01C01390EEA0C0C0A4081
:10D070004CEA020C3D2B51D0039AC3F16A0302F033
:10D080000F0102F03F0241F0400118F8022018F8A9
:10D0900001E0C3F3C01143F3C01301390EEA0303E7
:10D0A0000A401343FF2D3ED0FF2E3CD0BCF1FF0FB2
:10D0B00039D0FF2B37D032093D2F43EA8C1342EA97
:10D0C0008505019ADBB29646009A02F101010EF83D
:10D0D000025017D190BB019A53544B1C0093029BF2
:10D0E000032B3FF60CAF019A32B1DBF80030009908
:10D0F0008B4201D900235354009B4FF00009CBF819
:10D10000003029E74FEA9C0C02324CEA06160EF872
:10D1100001601146DEE78246012031E70023C1E7C6
:10D12000DDF810C0A6E76FF0990915E710F1840F3C
:10D130008146D8D010E76FF0AC090DE70091D2E737
:10D140009C8601082DE9F04FC3F10009D0F800B02A
:10D150000B68002AADF50D7D8BEA030303EA090A8B
:10D160003CDD930000F1040E01F1040C03AD1E1D23
:10D170007446A84667460644019354F8043F57F89E
:10D18000042FB44283EA020303EA090348F8043F88
:10D19000F3D18BEA0A032A4603605EF8043F52F893
:10D1A000040FB64583EA0003CEF80030F5D1019BA9
:10D1B0000B4418460B6883EA0A030B60624655F875
:10D1C000041F5CF8043F824283EA0103CCF800307C
:10D1D000F4D100200DF50D7DBDE8F08F8BEA0A0338
:10D1E000036000200B6883EA0A030B600DF50D7DD8
:10D1F000BDE8F08F2DE9F04F146883B0002C019347
:10D2000057DD9C46151D0023071D0CF1040C0E1D57
:10D21000AA4618461946E1469E46984656F804BF67
:10D220000EF1010E57F8042F12EB0B0248EB080B1E
:10D2300052184BF1000149F8042F5AF804BFB2EB21
:10D240000B026BEB0B0BD31840EB0B03A6454FEA1D
:10D25000E370E3D1CB184FF0000240F10000164616
:10D260001746C043C00F40425CF8043F013655F8F2
:10D27000041F9A1A00EA010361EB0101D31A61F15C
:10D280000002A642CCF8003002F00102ECD1019974
:10D29000621CC1E9004701EB820203E00C6024B18B
:10D2A00052F8043D013C002BF8D0002003B0BDE84B
:10D2B000F08F0023019A00201360536003B0BDE893
:10D2C000F08F00BF002960D001292DE9F0430C4602
:10D2D000ADF50B7D914602D00368804653B9B9F194
:10D2E000000F46D000231846C9F800300DF50B7D1D
:10D2F000BDE8F0834B1E0B4016D101210133202BDA
:10D3000001FA03F210D09442F8D1B9F1000F30D0F5
:10D310004FF0FF31D8F80820002001FA03F322EA89
:10D320000303C9F80030E1E700254FF4087202A8B2
:10D330002946CDE9005506F0FBFFD8F800305E1E07
:10D3400014D4013308EB8308294658F804592246BF
:10D350000023A542284606F1FF3671F1000703D3EA
:10D3600005F054FF00FB1455731CEDD1B9F1000F0B
:10D3700004D100200DF50B7DBDE8F0830020C9F835
:10D3800000500DF50B7DBDE8F0834FF0FF30704786
:10D39000202070478820704703682DE9F0410C6811
:10D3A0009C42B8BF1C461368882B1E461460A8BF59
:10D3B0008826002C3ADD01F1040C002100F1040E56
:10D3C00002F1040808460F465CF8045F01305EF87D
:10D3D000043F5B1947EB07055B1845F100018442E8
:10D3E00048F8043FF0D131B1882C28D00121A31C8A
:10D3F0000C4442F82310B44214600ADAA11C2346FC
:10D40000002002EB8101013341F8040B9E42FAD166
:10D4100084B1631C02EB830301E0146054B153F840
:10D420000419013C0029F8D0536804E00024A34209
:10D430001460E3DC002300205360BDE8F0814FF06E
:10D44000FF30FAE72DE9F0430C680568002C1668F8
:10D4500015604ADD002301F1040E00F10408171DD8
:10D460009C4658F8041F0CF1010C5EF8049FCB1A7F
:10D4700061EB0101B3EB090361F10001644547F879
:10D48000043F01F00103ECD1A54232DDA71C00EB03
:10D49000870002EB870750F8041B0134CB1A47F8CA
:10D4A000043B34BF01230023A542F4D1B54209DA7D
:10D4B000A31C002102EB8303013443F8041BA642A2
:10D4C000FADC75B16B1C02EB830301E0156045B11A
:10D4D00053F80419013D0029F8D053685360BDE8A2
:10D4E000F08300235360BDE8F08300231C46A5426F
:10D4F000CCDCA642DCDCE4E72DE9F843D0F804807C
:10D500001746D1F80490C8452FD0036805460A682D
:10D510000E46934215DC1EDBB3F1010C11D401332E
:10D5200000EB830E01EB830303E014D3BCF1FF3F58
:10D5300007D05EF804290CF1FF3C53F80449A242DD
:10D54000F3D928463A463146C7F80480FFF77AFFF8
:10D550000020BDE8F88330463A462946C7F80490D3
:10D56000FFF770FF0020BDE8F883C2F80480BDE833
:10D57000F84311E770B54B68154646689E4223D1C3
:10D58000036804460A688E46934215DC20DBB3F13B
:10D59000010C11D4013300EB830201EB830303E0A0
:10D5A00016D3BCF1FF3F07D052F804090CF1FF3C41
:10D5B00053F804198842F3D920462A4671466E6012
:10D5C000FFF740FF002070BD5660BDE87040E3E605
:10D5D000B6FA86F670462A46214676096E60FFF74F
:10D5E00031FF002070BD00BF0368872B3ADCF0B527
:10D5F0002CD08C46002B0E6800F108054CF8083B37
:10D60000E64613DD00231A4655F8044B013243EA7F
:10D610004407E30F4CF8047B04689442F4DC9BB1AC
:10D620000123CCF800300B6801330B609E420EEBF7
:10D63000830205DD0024013342F8044B9E42FAD1F7
:10D64000436800204B60F0BD0B68EFE7D0F8242260
:10D65000002A0ADB8C460E6800F108054CF8083BEE
:10D66000E646CFE74FF0FF3070474FF0FF30F0BD98
:10D670002DE9F043D0E900351668002BC2E90035EA
:10D6800040DD4FF0000C00F1040E02F1040860468A
:10D6900067465EF8044F0CF1010CE4FB010763459B
:10D6A000B94648F8040F4FF000074846F1D138B1A9
:10D6B000882B2CD0591C0233116042F823900B4662
:10D6C000872B19460DDCB3420BDA981C002402EBC1
:10D6D0008000013340F8044B9E4201DD872BF8DDCA
:10D6E00071B14B1C02EB830301E0116041B153F8AF
:10D6F000040901390028F8D000205560BDE8F08306
:10D700000025F9E7002E1946EADD0023DDE74FF09A
:10D71000FF30F3E72DE9F04F0B68ADF5117D06689A
:10D7200005921E44872ECDE9030100F38980002471
:10D730004FF4087208A82146CDE9064406F0F8FD2A
:10D74000A64275DDA6460DF11C0AA146A046DDE9FC
:10D75000032B5BF8083B012BB8BF0123013B00936F
:10D7600052F8083BCDE901322346009A18464A4553
:10D77000A8BF4A461746A2EB090C019AA9EB07017C
:10D7800094447A1C0BEB87079445A8BF9446029AF1
:10D79000BCF1000F02EB81013DDD734601EB8C0C07
:10D7A0004FF0000E51F8045B424657F80449E5FB80
:10D7B00004029B184EF1000E6145F3D109F10109F5
:10D7C0004AF8040F4E45D0D1039B06965D68049B32
:10D7D0005C68731C06AA002002EB830301E00120B1
:10D7E0001EB353F804193246013E0029F7D000B1A8
:10D7F000069284EA0506059B08A907961A6003F1BC
:10D8000008004FF408725E6006F06CFD00200DF514
:10D81000117DBDE8F08F09F1010973464AF8040F44
:10D820004FF0000E4E45A0D1CEE732460696E2E715
:10D83000039B06965D68049B5C68CAD13246DAE7B2
:10D840004FF0FF30E3E700BF70B505680E68AE42E9
:10D850003346A8BF2B46AE42ACBF9B195B19156877
:10D86000872B12DC1446FFF755FF23689D420BDD22
:10D87000002B09DB9A1C002104EB8202013342F8E1
:10D88000041B01D49D42F9DC70BD4FF0FF3070BD28
:10D89000F0B507466FF040458E460E6857F8083BD6
:10D8A0001D44B3F1010C4EF8083B07EB85070EEB66
:10D8B00085050FD4002357F80449DA070CF1FF3C23
:10D8C00042EA540204F00103BCF1FF3F45F8042989
:10D8D000F1D10B68B3420EEB830206DA0024013368
:10D8E00042F8044B9E42FAD10B68446863B15A1C5B
:10D8F00001EB820201E00B6033B152F80409013BF5
:10D900000028F8D04C60F0BD00244C60F0BD00BF92
:10D910002DE9F0470C68D0F808A0002C4AF3000766
:10D920004DDD8446002001F1040E161D5CF8088BC5
:10D930000146054601E05CF804AF80454FF0FF3337
:10D940005EF8049F00F10100D8BF002307EA09092F
:10D9500003EA0A0313EB090345EB05095B1849F1D8
:10D960000001A04246F8043FE5D1601ECB07002825
:10D97000844629DD02F1080500262968013655F89C
:10D98000047F4908864241EAC77145F8041CF4D176
:10D9900002EB8C060027651CB16802EB850543EAA3
:10D9A0005103B360C2E9004733B9106020B155F8A4
:10D9B000043D0138002BF8D00020BDE8F087601E40
:10D9C000002300288446D5DC4FF0000C012460467B
:10D9D000DEE700BFF8B50D1E144640F3828090428A
:10D9E00006460BD000F10801D0E9002304F108003D
:10D9F000C4E900234FF4087206F074FC676897B31B
:10DA000005F11F012268B2EB511F13464FEA511670
:10DA100039D9B01C3346002104EB8000013340F8B3
:10DA2000041B9342FAD3012F30D0236805F01F0561
:10DA3000C5F1200245B104EB86064FF0FF3121FA13
:10DA400002F2716811407160DBB15A1C04EB820272
:10DA500001E02360ABB152F80419013B0029F8D072
:10DA600063686360F8BD3368B5EB431FFADA05F10C
:10DA70001F012368B3EB511F1A464FEA5116C8D84D
:10DA8000D4E70023EDE7012FD0D1BAB1002304F190
:10DA9000040C18465CF8047F0130F918002F18BFF9
:10DAA00043F001039042C1F10001CCF80010F1D322
:10DAB000002A08BF0122964208D95B42911C04EB60
:10DAC0008101013241F8043BB242FAD3002205F051
:10DAD0001F053346C4E90062C5F12002002DAAD11A
:10DAE000B3E7002104F108004FF40872C4E9001103
:10DAF000BDE8F84006F01CBC2DE9F04F146883B077
:10DB0000671C0191882F63DC0D46D11AB1FA81F1AF
:10DB1000490900295CD1002C54DD1E1D05F10409C2
:10DB20008E4600F1040AB0468C460D4659F804BFF3
:10DB30000EF1010E5AF8041FB1EB0B016BEB0B0B4E
:10DB400011EB0C0145EB0B0C744548F8041F4FEA30
:10DB5000EC75EBD104F1020E043250F82E1001984E
:10DB600050F82E004FF0000E091AF04660EB00004E
:10DB700011EB0C017146F44645EB0005ED1752F828
:10DB8000040F0EF1010E56F8049F284010EB090017
:10DB90004CEB0C09401848EB0901744530604FEA22
:10DBA000E178ECD103EB8707C3E9004C03E01C608C
:10DBB00024B157F8040D013C0028F8D0002003B030
:10DBC000BDE8F08F0846C3E9001103B0BDE8F08F4F
:10DBD0004FF0FF30F3E700BF934201D0FFF70ABBDD
:10DBE0004FF0FF30704700BF38B500230D464FF4AB
:10DBF000087204461946C0E90033083006F098FB65
:10DC0000B5F5885F0AD26B11012105F01F055A1C7A
:10DC1000023301FA05F5226044F8235038BD00BFF5
:10DC20002DE9F04F0468ADF5117D64000591039076
:10DC3000872C2546A8BF872588424FF0000100F0B9
:10DC40009580059E4FF4087206F10800C6E90011A0
:10DC500006F06EFB0496002C70DD049B0024DDF8BA
:10DC60000C9003F1040AA04659F8083B27461A46CF
:10DC700001932346013A0292029A01984245A8BFB5
:10DC80004246511C9446A2EB0802A8EB0C0609EB95
:10DC90008C0C00EB020E0A4409EB86068E454FEA17
:10DCA0006202A8BF8E4619467245A8BF7246002A76
:10DCB00041DD234606EB820E002456F8040B5CF887
:10DCC0000429A0FB02B211EB0B0142F100001B186A
:10DCD00047EB070011EB0B0142F10002D21844EBB5
:10DCE000000476451346E8D118F001000BD14FEA45
:10DCF0006802039E023256F822600246E6FB0612D4
:10DD00009B1844EB400408F101084AF8041FA84599
:10DD1000B2DB049B1D606B1C049901EB830301E0E3
:10DD20000D6075B153F804292846013D002AF7D04B
:10DD3000049B5B6807E023460024D5E7049B1D6035
:10DD4000E9D1002003460499059C4B60A14208D00C
:10DD500020604FF40872083104F10800636006F097
:10DD6000C1FA00200DF5117DBDE8F08F4FF4087267
:10DD700008A8CDE9061106F0DBFA06AB04936AE7C2
:10DD800038B503680D685B00872B12DC0C46FFF783
:10DD900047FF23689D420BDD002B09DB991C002205
:10DDA00004EB8101013341F8042B01D49D42F9DCDD
:10DDB00038BD4FF0FF3038BD4268012A30B41ED064
:10DDC00012B94A68012A17D002680B689A4212DC1D
:10DDD0002EDB531E31D4013200EB820001EB8201B5
:10DDE00002E025D35A1C28D050F80449013B51F8D1
:10DDF00004299442F5D90122104630BC70474B6883
:10DE0000B3B10B680468A342F6DC11DB5C1E14D4CA
:10DE1000013301EB830100EB830301E0601C0CD0B4
:10DE200051F80459013C53F804098542E4D8F5D26D
:10DE30004FF0FF3230BC10467047002230BC104615
:10DE4000704700BF036823B9003918BF0121484259
:10DE500070474268012A0BD0012B07DC8368994286
:10DE600004D38CBF4FF0FF30002070470120704773
:10DE70004FF0FF30704700BF02680B689A421ADC0F
:10DE800016DB531E22D4013210B400EB820001EBEA
:10DE9000820102E011D35A1C14D050F80449013B0E
:10DEA00051F804299442F5D901205DF8044B7047DC
:10DEB0004FF0FF307047012070474FF0FF305DF8A2
:10DEC000044B704700205DF8044B704700207047FA
:10DED0008368DA0718D5981C400000F00800184441
:10DEE00000FB03F2C2F1020202FB00F000FB03F2AE
:10DEF000C2F1020200FB02F2002002FB03F3023B2C
:10DF000002FB03F30B6070474FF0FF30704700BF18
:10DF1000F8B50F460968044600295FD04B1C4D1E1A
:10DF200057F823306D012A461BB15B0802F101024C
:10DF3000FBD1534202F01F0603F01F0358BF5E429D
:10DF400012F01F0F08BF2026012947DD013D0021E7
:10DF50004FF4087204F108003544C4E9001106F0DA
:10DF6000E7F9002D38DBB5F5885F35DA6B11012252
:10DF700005F01F05013E02FA05F59A1802332260EA
:10DF800044F8235021462046FFF72EFB054608BBE8
:10DF900023683A68934215DC19DBB3F1010C11D404
:10DFA000013304EB830E07EB830303E00FD3BCF1D3
:10DFB000FF3F07D05EF804190CF1FF3C53F8042929
:10DFC0009142F3D9224639462046FFF73BFA013603
:10DFD000202ED7D12846F8BD013ED3E700214FF4CB
:10DFE000087204F108000E46C4E9001106F0A0F919
:10DFF0000123A3602360C5E70B682DE9F04F442B94
:10E00000ADF50F7D029100F3B7800C46054616462C
:10E0100000214FF4097205A806F08AF920682B68E0
:10E02000834240F3958043000193019B002B0ADD5E
:10E030002B1D019905AA03EB810453F8041FA34289
:10E0400042F8041BF9D1002840F38C80029B04AFF6
:10E050004FEA8008002203F1080907EB80030395CB
:10E060009E463C464FF0000B57F8043FCA465946BF
:10E0700003FB06FC54F8043F01315AF8045B13EB30
:10E080000B0342EB020B8842E5FB0C3B2360F1D112
:10E0900007EB0801BBF1000F07D00B6813EB0B0374
:10E0A0004FF0010B41F8043BF7D27745D9D1039DDE
:10E0B000013005AB05F108020028434455DD08F1A5
:10E0C0000407291DDE1953F8044BB34241F8044FED
:10E0D000F9D1019B3A4498424CDA03460199CB1A94
:10E0E000002102EB830342F8041B9342FBD128601A
:10E0F00080B308F108022A4401E0286050B352F8C6
:10E100000419034601380029F7D06A6802980168AB
:10E110006A60994212DB20DC5A1E0FD4013305EBF2
:10E12000830100EB830302E017D3501C06D051F8A3
:10E130000449013A53F804098442F5D928462A468D
:10E140000299FFF77FF900200DF50F7DBDE8F08FF4
:10E1500001906AE700231A46D8E700200DF50F7DED
:10E16000BDE8F08F4FEA8008A2E7019B002BBEDDDF
:10E170000023B3E72860BCE74FF0FF30E4E700BFBF
:10E180002DE9F04F99460368ADF5BE5D5B0081B0A7
:10E19000882B019200F3AB810B6888465B00882BCB
:10E1A00000F3A581002502AB83464FF4087229468F
:10E1B00004A80DF5D1662C460DF5D0674FF08A0AFC
:10E1C000C3E9005506F0B4F88CAB4FF40872294649
:10E1D0008EA8C3E9005506F0ABF829464FF4087243
:10E1E0003046CDF88056CDF8845606F0A1F8DBF81D
:10E1F000003030464FF408720BF10801CDF880363C
:10E200002E46DBF80430CDF8843606F06BF83D4638
:10E210004FF40872002107F50A7705F50C70C5E97F
:10E220008A6606F085F82B68D5F828225B000092F4
:10E23000872B00F3558128463946FFF7F1FCD5F8C6
:10E240002832009A05469A420EDD002B0CDB0AF1BB
:10E2500002010DF5D060194400EB8101013341F852
:10E26000046B01D49A42F9DC01234A464146384600
:10E27000FFF7C2FE28433A46594604430AF18A0A88
:10E280003846FFF7E1FA012304434A46414638463F
:10E29000FFF7B2FEBAF58A6F44EA0004B7D10DF574
:10E2A0008B6500264FF408720DF58C603146C5E988
:10E2B000006606F03DF831464FF408720DF58C60AB
:10E2C000C5E9006606F034F802238CAA2946AB6043
:10E2D000012340462B60FFF74DF98CAB44EA000761
:10E2E0001868002800F0CD80421C53F82230421EEE
:10E2F00052011BB15B0802F10102FBD1941E00F137
:10E30000FC80A2F109058CAE013A6109B4F5805F89
:10E3100004F01F0CA2EB040301F1020108DCB0EBD6
:10E32000541F11D356F8211021FA0CF1C9070BD54F
:10E33000A54200F0D180013CE7D24FF40A711846A3
:10E3400003FB01F108319DE0013B4FF40A7103FB2F
:10E3500001F108314FF40A7A0DF5D06C0DF5D06655
:10E3600002AD0AFB03F30DF5D06204A81E445CF86D
:10E37000033011444FF408722B60736800266B6001
:10E3800005F0B0FFB4F5805F00F3AD808C998CAAE6
:10E390006309B1EB541F72D3023352F8233004F0F7
:10E3A0001F02D34003F00103082E04D0DA075BD428
:10E3B000002E59DD002302AA711E1E460DF5D06302
:10E3C00010460AFB0131FFF73FFA054601234A4692
:10E3D000414602A8FFF710FE28430743DDF808B0C6
:10E3E00002AD4FEA4B03872B46DC29462846FFF750
:10E3F00017FC2B680546002B0CDB9B450ADD02A9A8
:10E400009A1C01EB82020021013342F8041B01D463
:10E410009B45F9DC013C01234A46414602A8FFF72F
:10E42000EBFD631C40EA050047EA0007AAD1002E75
:10E430003EDD0DF5D063019D013E4FF40A712A4681
:10E4400002A801FB0631FFF7FFF904464A464146A0
:10E4500028460123FFF7D0FD2043074338460DF53A
:10E46000BE5D01B0BDE8F08FDDF808B01E4402AD1E
:10E470004FEA4B03872BB8DD4FF0FF35CAE7002387
:10E4800092E708210DF5D0630DF5D0650DF5D06646
:10E4900002AC19444FF40A734FF4087200FB03F303
:10E4A00004A81D44F35823606B68636005F01AFFED
:10E4B00002AB019804A90830D3E9002340F8082CE6
:10E4C0004FF4087240F8043C05F00CFF38460DF597
:10E4D000BE5D01B0BDE8F08F4FF47261072339E7EC
:10E4E0004FF0FF35C0E6082E04D0013E76E74FF02E
:10E4F000FF37B3E74FF0FF335DE708210020C1E7A6
:10E50000012379E5002370B5164605464FF40872DD
:10E510000C461946C0E90033083005F009FFB6F58E
:10E52000087F27DDA6F50876882340F21F223444B1
:10E530002B6002F10803214622442B4411F8014BC1
:10E54000501A03F801490028F8DA2B6873B15A1CF5
:10E5500005EB820201E02B6043B152F80419013B44
:10E560000029F8D06B6800206B6070BD002300208C
:10E570006B6070BDF31C721E4FEA93032B60D8D5FD
:10E58000E4E700BF0B68013B002BF0B529DD013843
:10E590004FF0000CC2F10206151863469C1C70195E
:10E5A000BCF1180F08BF01330CF1080751F82440E3
:10E5B00024FA0CFE07F01F0C05F801EF0C6804F1BB
:10E5C000FF3E9E45EADC023351F8233043B1013867
:10E5D000C2F102060244B01802F8013F1B0AFAD148
:10E5E000F0BD0023EFE700BF70B50026ADF50A7D52
:10E5F00005460C464FF40872314602A8CDE9006684
:10E6000005F096FE2B6805F108014FF4087200939F
:10E6100002A86B68019305F065FE22466946304604
:10E62000FFF7B0FF431EB34216DD04F1FF3C04EBDD
:10E63000000E6FF0010662461CF8011F1EF8015D16
:10E64000A6EB0C0302328CF800502344121B8EF808
:10E65000001003449A42EEDB00200DF50A7D70BDE8
:10E66000531E24D44FF0000C70B58D1862460EE096
:10E6700050F82E40013BBCF1180F08BF013224FABC
:10E680000CFE5C1C06F01F0C05F801ED0DD00468B3
:10E6900002F1020E0CF108069442E9DC013300227B
:10E6A0000B4403F8012D8B42FBD1002070BD0020EC
:10E6B000704700BF0246006890B1411C431E52F8EB
:10E6C00021205B016AB1520803F10103FBD113F071
:10E6D000070018BF0120002BB8BF073300EBE30091
:10E6E0007047002BB8BF0733D810704738B50023E8
:10E6F0000D4604464FF408721946C0E9003308304D
:10E7000005F016FE2B1EA56018BF0123236038BD3F
:10E71000B1F5805F10D802684B09B2EB511F09D3E5
:10E72000023301F01F0150F8230020FA01F101F03B
:10E7300001007047002070474FF0FF30704700BF66
:10E74000B1F5805F15D84B094FF0010C01F01F01A6
:10E750005A1C00EB83030CFA01F110B404689442D4
:10E760005DF8044BB8BF026000209A680A439A60C3
:10E7700070474FF0FF3070470246006848B1431EB3
:10E78000411C580152F821301BB15B0800F1010017
:10E79000FBD170470346006860B1411C0422002091
:10E7A00053F82130D9B209B1C3F3C010013A4FEA8E
:10E7B0001323F7D1704700BF30B504680C44882C90
:10E7C00036DC621E054604609142134610DCA4EB61
:10E7D000010C04F1010E0CF1020C00EB8E0E00EBAB
:10E7E0008C0C013B5CF8040D99424EF80409F8DDED
:10E7F000002B09DB991C002005EB8101013B41F84E
:10E800000409B3F1FF3FF9D174B1631C05EB830335
:10E8100002E02A6042B1013A53F804190029F8D005
:10E820006B6800206B6030BD002300206B6030BD42
:10E830004FF0FF3030BD00BF9042F8B514460D4692
:10E840000BD000F10801D0E9002304F10800C4E96D
:10E8500000234FF4087205F045FD1F2D39DC15F03B
:10E860001F0E23D06D42236805F01F0558BFC5F168
:10E87000000E002BCEF1200719DD0021201D0E46D1
:10E8800050F8045FB446013105FA0EF225FA07F696
:10E890008B4262440260F3D116B3872B20DC5A1CF2
:10E8A000991C2260134644F8216001E0236873B18B
:10E8B000591C04EB810101E0236043B151F80429A4
:10E8C000013B002AF8D0636800206360F8BD002394
:10E8D000FAE769112046FFF76FFF0028BFD0F8BDA7
:10E8E000882BE5D14FF0FF30F8BD00BF70B50E4664
:10E8F000013104460FD000254FF40872C0E90055DD
:10E900002946083005F014FD731B2846A66018BF81
:10E910000123236070BD002108254FF40872C0E96F
:10E920000011284405F004FD224604212046FFF78B
:10E9300083FF0028EED1A368013D226843EA1671E7
:10E9400002F101034FEA0616A1602360ECD16BB11E
:10E95000023204EB820201E023603BB152F8041959
:10E96000013B0029F8D06368636070BD0023FBE7BA
:10E9700030B4056884468D422EDD6B1A002B34DDE1
:10E98000023104300CEB81020021013152F8044BBA
:10E99000994240F8044FF8D11A46954208DD911C7F
:10E9A00000200CEB8101013241F8040B9542FAD1B1
:10E9B0005A1CCCF800300CEB820202E0CCF800309C
:10E9C00033B152F80419013B0029F7D0DCF80430C8
:10E9D000CCF8043030BC704700214FF40872083086
:10E9E00030BCCCE9001105F0A3BC0022D5E700BF84
:10E9F000F8B50D1E33DD1F2D044631DCAC46226810
:10EA00006AB3501E04EB8201CCF12007002801F10B
:10EA10000401034616DB4FF0FF36002306FA0CF61E
:10EA2000F6430D6803FA07FE013825FA0CF205EAF1
:10EA3000060342EA0E0241F80429421CF1D1226881
:10EA4000AAB1531E013204EB820202E0236073B1CB
:10EA5000013B52F804190029F8D063686360F8BDDF
:10EA60006911FFF785FF15F01F0CC8D1F8BD002311
:10EA7000F4E700BF2DE9F0410E1E054614461F467F
:10EA800049DDB3F1000818BF4FF00108904227D1CB
:10EA9000B8F1000F22D01A46FEF79CFF1F2E2DDC86
:10EAA00016F01F0131D1A54207D0B8F1000F04D0F4
:10EAB0003A4631462846FEF78DFF23684BB35A1C71
:10EAC00004EB820201E023601BB352F80419013BFE
:10EAD0000029F8D063686360BDE8F0819042DDD022
:10EAE0002B684FF4087205F1080104F10800236057
:10EAF0006B68636005F0F6FB1F2ED1DD71112046B7
:10EB0000FFF736FF16F01F01CDD02046FFF770FF4C
:10EB1000C9E70023DFE790420BD000F10801D0E9FC
:10EB2000002304F10800C4E900234FF4087205F043
:10EB3000D9FB002FD0D0002107F108004FF4087254
:10EB4000C7E90011BDE8F04105F0F2BB2DE9F04F37
:10EB50002DED028BADF6043DCDE903230B68002BB0
:10EB600000F08B8205688B460646AB4214DB00F34F
:10EB700098806B1E10D46A1C00EB82010BEB8202A2
:10EB800003E0C0F08E80581C06D051F80449013BC8
:10EB900052F804098442F4D900244FF4087210A8F2
:10EBA0000DF591672146CDE90E4405F0C1FB3368B0
:10EBB0004FF4087221460DF5D7600E93CDF8B0469C
:10EBC000CDF8B44605F0B4FB4FF4087221460DF5BC
:10EBD0000E60CDF8D848CDF8DC4805F0A9FB4FF41D
:10EBE000087221469AA8CDE9984405F0A1FB336844
:10EBF0004FF4087206F1080198939AA873689993E4
:10EC000005F070FB4FF4087221460DF59260C7E9DC
:10EC1000004405F08DFBDBF800304FF408720BF177
:10EC200008013B600DF59260DBF804307B6005F075
:10EC300059FB73683A680993DBF804307C60999457
:10EC400002920A93002A50D0531C013A57F82330FD
:10EC5000089252011BB15B0802F10102FBD1534241
:10EC600002F01F0203F01F0358BF5A421F2A40D070
:10EC7000C2F11F0308EE103A98AA18EE101A1046B7
:10EC8000FFF7DAFD804648BB3A4618EE101A3846C0
:10EC9000FFF7D2FD804608BB3B680293013B089317
:10ECA0002AE0049886420AD048B1736806F1080148
:10ECB0004FF40872C0E90053083005F013FB039BC2
:10ECC000002B00F0DC80039B00214FF408721846F3
:10ECD000196059608846083005F02AFB40460DF659
:10ECE000043DBDEC028BBDE8F08F1F2308EE103A07
:10ECF000C2E7002308EE103A989D3846029BA5EB28
:10ED000003094946FFF758FD80460028E6D109F17E
:10ED100002040CE00EAB0DF1380C53F82430013333
:10ED20004CF82430FEF726FC002840F0718139466B
:10ED300098A8FFF741F8034698AA394601331046D0
:10ED4000E8D149463846FFF713FE6C1E029A9442FA
:10ED5000C0F29981A31AAC1ECDF834B005936B1C98
:10ED60009B1A0EAA02EB8303989A069398AB03EBC7
:10ED70008503CDE90B860093631C934240F38880A2
:10ED8000631E079401930799DDE90034043B009367
:10ED9000059B013B0593069B043B0693029B8B421C
:10EDA000EADDDDE90B86DDF834B002B17268039B61
:10EDB000999243B30E9B002B00F06C81591C0EAA54
:10EDC000002402EB810103E00124002B00F05881B4
:10EDD00051F804091A46013B0028F5D004B10E92FF
:10EDE0000F9B03990F9308460A604B600C464FF443
:10EDF000087210A9083005F075FADDE909329B1A8E
:10EE000018BF01236360049B002B38D098AA00230D
:10EE100018EE101A1046FFF72DFEDBF80020989B25
:10EE20009A420BDA98A9023201EB82029AA901EB0D
:10EE30008300002142F8041B9042FBD1002B00F01C
:10EE40002781591C98AA002002EB810103E00120D0
:10EE5000002B00F01A8151F804491A46013B002C9E
:10EE6000F5D000B19892999B04989AA99993026061
:10EE70004FF408724360083005F034FA2EE74FF083
:10EE8000000840460DF6043DBDEC028BBDE8F08F56
:10EE9000089B03F10208009B57F82820596891420B
:10EEA00000F0BE8000980023006804F0AFF9069BD4
:10EEB00000F1010E07941860029B4FF000099E1E9E
:10EEC000059B9D1C631E01930EF1FF330EAA0021CA
:10EED0000DF5D76042F825304FF40872CDF8B096A2
:10EEE000CDF8B49605F024FA002EC0F28D80B31C44
:10EEF00057F823200EAB0221DDF8B4B653F825E015
:10EF000057F82830A2FB0E02CDF8B016CDF8B8069F
:10EF10004846E3FB0E20CDF8BC26002863D003232F
:10EF20000246CDF8C0069A46CDF8B0360AF1010087
:10EF30000DF5D66351464FF0000C03EB800006E060
:10EF40004FF0010C1946002B4FD050F8042D4B1EEA
:10EF5000002AF5D0BCF1000F58D00B46CDF8B01602
:10EF6000019ACDF8B4B6002A47DB009A002C52F87B
:10EF7000042CCDF8E02845DBA21C98A951F82220EA
:10EF8000CDF8E4280322032BCDF8D828009A526844
:10EF9000CDF8E8280FD10DF5D8630DF6E4000DF299
:10EFA000B46C01E050F8042953F8041991428BD84D
:10EFB00001D36345F6D171460DF5D6623846FEF7AA
:10EFC00057FB28BB05991046FFF7F6FB00BB98AA34
:10EFD0000DF5D6611046FEF7CDFAC8B9999B012B05
:10EFE00026D0989ACFE68A46A0E79346CDF8B02679
:10EFF000019ACDF8B4B6002AB7DA0022002CCDF879
:10F00000E028B9DA0022BBE7002273E75346A7E7FE
:10F01000804640460DF6043DBDEC028BBDE8F08F06
:10F020004FF0FF33069A4FF0000E0794136043E74A
:10F030003B680DF592614FF408720DF5D760CDF87D
:10F04000B0367B68CDF8B43605F04CF905990DF56E
:10F05000D660FFF7B1FB0028DAD198AA0DF5D6618A
:10F060001046FEF749FA0028D2D10EAB0EAA53F88B
:10F070002530013B42F82530B3E74FF0FF382DE64D
:10F080001A460E93ADE6989A8FE61A469893EBE6E9
:10F090001A46E9E61A46A4E6F0B50024ADF50B7D64
:10F0A00007460D46164621464FF4087202A8CDE9E0
:10F0B000004405F03DF922466B4629463846FFF7E5
:10F0C00045FD044670B9009B83B16868019A82428D
:10F0D0000ED1706002A94FF4087206F10800336087
:10F0E00005F000F920460DF50B7DF0BD0198F0E725
:10F0F000324629466846FEF7FFF9044620460DF5DC
:10F100000B7DF0BDF0B5ADF50B7D04460D4600213D
:10F11000164602A84FF408721F46CDE9001105F00B
:10F1200007F96A4629462046FEF78EFB10B10DF519
:10F130000B7DF0BD3A4631466846FFF7ADFF0DF551
:10F140000B7DF0BDF0B5ADF50B7D04460D460021FD
:10F15000164602A84FF408721F46CDE9001105F0CB
:10F16000E7F86A4629462046FEF704FA10B10DF585
:10F170000B7DF0BD3A4631466846FFF78DFF0DF531
:10F180000B7DF0BDF0B5ADF50B7D04460D460021BD
:10F19000164602A84FF408721F46CDE9001105F08B
:10F1A000C7F86A4629462046FEF7A6F910B10DF5C4
:10F1B0000B7DF0BD3A4631466846FFF76DFF0DF511
:10F1C0000B7DF0BD2DE9F04F2DED028B8BB080460D
:10F1D000164604930B680391002B00F084805A1CA0
:10F1E000013B51F822205B011AB1520803F10103DF
:10F1F000FBD1152B77DD242B70DC03230193B4683E
:10F20000E50740F1D4814FF40A73019A03FA02F53D
:10F2100005F50A70029507F04FFA0746002800F03E
:10F220003B8205F108090123019A00EB050A81449C
:10F2300000F1080593404FF0000B069328464FF469
:10F240000872002145E902BB05F50A7505F070F862
:10F25000A945F3D1029B4FF40872002147F803B08F
:10F260000AF10803CAF804B0184608EE903A05F00F
:10F270005FF831465046FEF74BFE0346C0BB33688D
:10F28000D8F80000834214DC44DB5A1E42D4013318
:10F29000844606EB830108EB830302E03AD3501C5B
:10F2A00038D051F80409013A53F80459A842F5D965
:10F2B000604607F50A73434508EE103A36D0D8F891
:10F2C000043008F10801C7F828024FF4087207F566
:10F2D0000C70C7F82C3205F005F827E08C2B12DCF7
:10F2E000042301938BE70123019388E7079F0346DB
:10F2F0003846019307F018FA019B18460BB0BDEC95
:10F30000028BBDE8F08FB3F5E17FD4BF0523062360
:10F31000019374E707F50A73404631461A4608EE32
:10F32000103AFFF7B9FE03460028E1D118EE103A73
:10F330003246514618EE100AFFF7E4FE0346002855
:10F3400040F08B80019B013B1A4605934FF40A73F2
:10F35000934018EE102AFD1895420DD0D7F82822B8
:10F3600007F50C7105F10800FA504FF40872D7F850
:10F370002C326B6004F0B6FF04F102084FEA480833
:10F3800008F00808A04408FB04F3C3F1020303FBE0
:10F3900008F808FB04F3C3F1020303FB08F808FBB9
:10F3A00004F3023B03FB08F8059B53B34FF000093D
:10F3B000DDF814B007974C462F687A00872A52DC94
:10F3C00029462846FEF72CFC2A68002A0ADB9742C9
:10F3D00008DD911C05EB8101013241F8044B01D499
:10F3E0009742F9DCA8BB0346424631462846FEF761
:10F3F00003FE00287FF47AAF09F10109CB45DBD188
:10F40000079F059B01249C40069B01349C422EDAF9
:10F410004FF40A75059B18EE109ADDF818B09D4060
:10F420003D4407E0FEF7E8FD034600287FF460AFA7
:10F430005C451CD0284605F50A75494601342A4624
:10F44000FEF702FA0346424631462846002BE9D031
:10F450004EE7079F03464BE7089F3846019307F0A6
:10F4600063F9019B49E7079F4FF0FF3340E7039B98
:10F47000002204F01F0408971B689346013491464C
:10F48000013B1546374605920793013C0BD107997E
:10F490000B46013300F092808B1C0398202450F817
:10F4A00023904B1E07934FEAD9734FEA490952EA5A
:10F4B000030134D023BB012A22D1DAF800607200A4
:10F4C000872A77DC51465046FEF7AAFBDAF800207F
:10F4D000002A0BDB964209DD911C0AEB810101E059
:10F4E000964203DD013241F8045BF9D5C8B9034601
:10F4F000424639465046FEF77FFD90B90122C4E7E7
:10F500000BF1010B0199A1EB0B02594503FA02F330
:10F51000059A42EA0302059206D00222B5E70A469E
:10F52000B3E7089F0346E3E600260994DAF80040B3
:10F530006200872A3EDC51465046FEF771FBDAF83E
:10F54000002094420BDD002A09DB911C0AEB8101AB
:10F5500001E0944203DD013241F8045BF9D5002853
:10F56000DFD10346424639465046FEF745FD0028A6
:10F57000D7D10136B345D9DC059A4FF40A7150460C
:10F58000DDE9083401FB02315246FEF75DF900283F
:10F59000C7D10346424639465046FEF72DFD034685
:10F5A000059000287FF458AFDDF814B0A6E74FF0BF
:10F5B000FF33A2E6089F4FF0FF3399E6022A3E464A
:10F5C0005B46A146089FCDF804B032D1002B30DD58
:10F5D000059DDAF800B04FEA4B03872B59DC514602
:10F5E0005046FEF71DFBDAF800200346002A0BDB2D
:10F5F000934509DD911C0AEB810101E0934503DD90
:10F60000013241F8044BF9D5002B7FF471AE42462C
:10F6100031465046FEF7F0FC034600287FF468AE02
:10F620006D00069B1D4221D109F10109019B4B454B
:10F63000CFDC4246002331465046FEF7DDFC049AFB
:10F64000034692453FF454AE029B18EE901A019087
:10F65000FA58049B1A6003F10800DAF804205A6093
:10F660004FF4087204F03EFE019B41E6524618EE4C
:10F67000101A5046FEF7E8F8034600287FF438AE2B
:10F68000424631465046FEF7B7FC03460028CBD031
:10F690002EE64FF0FF332BE66FF001032DE600BF9F
:10F6A0002DE9F04F4B682DED028BADF58A5D012BF6
:10F6B00087B00190059200F00B820B688A46002B00
:10F6C00000F00682019A1268002A00F00182002BE5
:10F6D00004DD8E6816F0010600F07B8100260DF532
:10F6E0008E630DF58D690DF5D36431464FF40872C4
:10F6F000184604930DF5D26B0DF6B8070DF52E657F
:10F700000DF6085808EE104AC9E9006604F010FE2C
:10F710000DF50C6331464FF40872204603930DF546
:10F720007364CBE9006604F003FE31464FF40872BF
:10F730000398C7E9006604F0FBFD31464FF40872F8
:10F740000DF6E820C5E9006604F0F2FD0DF6387309
:10F7500031464FF408720DF551600293C8E9006616
:10F7600004F0E6FD31464FF408720298C4E90066E1
:10F7700004F0DEFD019E51463046FEF71DFB0130D0
:10F78000049B40F0EA80019A1268002A00F0A081F0
:10F79000DAF800200AF1080118460493C9F800209D
:10F7A000DAF80420C9F804204FF4087204F09AFD36
:10F7B000019B18EE100A1A6803F10801CBF800202B
:10F7C0005A68CBF804204FF4087204F08BFD049BB8
:10F7D000D9F800200026194603983A60D9F8042089
:10F7E000CBF804607A604FF4087204F07BFDDBF81C
:10F7F0000430DBF8002018EE101A6B600DF6E820DC
:10F800002A604FF4087204F06DFD31464FF408721F
:10F810000298C4E9006604F08BFD3E68012330467F
:10F82000A3602360002840F38780BB68DA0700F1FB
:10F83000838039463846FEF72BF8D8F80030002B85
:10F8400004DDD8F80830D90700F1BA8040464146B7
:10F85000FEF71EF838680028E7DC2B68002B6EDC0A
:10F8600029463846FEF7A8FA013000F099803A465A
:10F8700029463846FDF77EFE002849D142462146FA
:10F880004046FDF777FE002842D138680028C9D1EC
:10F890002B680646002B00F01B816A68012A00F0E5
:10F8A0001781012B00F31481AB68012B40F010810C
:10F8B000019B5D6802E0FDF71FFE50BB63682246B6
:10F8C00051462046012BF6D0A846A146D9F8002083
:10F8D000DAF800309A4214DCC0F20982531E10D4C8
:10F8E000501C09EB80070AEB800003E0C0F0FF81A9
:10F8F000591C06D057F80459013B50F80449A54259
:10F90000F4D94A4651464846FDF734FE0028DDD07A
:10F91000064630460DF58A5D07B0BDEC028BBDE8AA
:10F92000F08F224649462046FDF724FE0028EFD1FD
:10F9300021462046FDF7ACFF2B68002B90DDAB681D
:10F9400029462846DE078BD4FDF7A2FF2368002B4B
:10F95000EEDDA368DB07E4D4EAE730465A465146B9
:10F960000193FFF799FB019B06460028D1D1DBF8F4
:10F970000020002A00F0AC80DAF8002018460AF1D6
:10F9800008010493C9F80020DAF80420C9F804201B
:10F990004FF4087204F0A6FC049BCDF804B017E7FE
:10F9A0002A4639462846FDF7E5FD0028B0D1224613
:10F9B00041462046FDF7DEFD00283FF466AFA7E78D
:10F9C000424649464046FDF7D5FD00283FF43EAF8C
:10F9D0009EE731464FF4087208A80DF58D690DF5C4
:10F9E000D3640DF5D26B0DF6B8070DF52E650DF647
:10F9F000085808EE104ACDE9066604F099FC0DF5AA
:10FA00008E6331464FF4087292A80293CDE9906656
:10FA100004F08EFC029B31464FF4087218460493A2
:10FA2000C9E9006604F084FC0DF50C6331464FF41F
:10FA30000872204603930DF57364CBE9006604F069
:10FA400077FC31464FF408720398C7E9006604F06A
:10FA50006FFC31464FF408720DF6E820C5E90066E8
:10FA600004F066FC0DF6387331464FF408720DF55C
:10FA700051600293C8E9006604F05AFC31464FF425
:10FA800008720298C4E9006604F052FC06AA5146C6
:10FA90000198FFF701FB064600287FF43AAFDAF839
:10FAA00000200AF1080192A89092DAF804209192BD
:10FAB0004FF4087204F016FC0699049B00290ADD35
:10FAC000909A002A07DD089A92980243D20702D43E
:10FAD0004FF0FF361DE7079A1846C9F8001008A92D
:10FAE000C9F804204FF4087204F0FCFB909A002639
:10FAF00092A9CBF8002018EE100A919ACBF80420B6
:10FB00004FF4087204F0EEFB4FF40872314603988C
:10FB1000C7E9006604F00CFC01234FF40872029858
:10FB2000BB6031463B60C4E9006604F001FC012380
:10FB3000D9F80020A3602360002A44DDD9F80830FA
:10FB4000D90740D449464846FDF7A2FE3B68002B42
:10FB500050DDBB68DE074DD53A4690A93846FDF723
:10FB6000CBFC00287FF4D4AE2A4606A92846FDF730
:10FB700001FD00287FF4CCAE39463846FDF788FEFB
:10FB800029462846FDF784FED9F80020D4E7D8F8A6
:10FB90000830DA0727D5424690A94046FDF7ACFC6D
:10FBA000224600287FF4B4AE06A92046FDF7E2FC09
:10FBB00000287FF4ADAE41464046FDF769FE214680
:10FBC0002046FDF765FEDBF80030002B19DDDBF881
:10FBD000083059465846DE0713D4FDF759FED8F8C9
:10FBE0000030002BD3DC2368002BE4DDA368DB07A7
:10FBF000E1D5D0E72B68002BBEDDAB68D807BBD5BD
:10FC0000AAE759464846FEF7D7F8013057D04A468A
:10FC100059464846FDF7AEFC00287FF479AE3A46D7
:10FC200041463846FDF7A6FC00287FF471AE2A460F
:10FC300021462846FDF79EFC00287FF469AED9F8DE
:10FC40000020002A7FF478AFDBF80020002A3FF480
:10FC50003FAFDBF8041001293FF43AAF012A3FF728
:10FC600037AFDBF80830012B7FF432AFD8F8003023
:10FC70001BB1D8F80420012A4BD0DAF800209A42B0
:10FC800012DB4EDC5A1E0FD4581C08EB80010AEB25
:10FC9000800002E045D3541C06D051F80459013AC3
:10FCA00050F80449A542F5D9424651464046FDF771
:10FCB00061FC00287FF42CAED8F80030DDE75A460E
:10FCC00049465846FDF756FC00287FF421AE4246CF
:10FCD00039464046FDF74EFC00287FF419AE224617
:10FCE00029462046FDF746FC0028A8D010E6944699
:10FCF000059AD9F804301446C2F800C053604FF496
:10FD00000872029904F1080004F0ECFAC4F80480C7
:10FD1000FFE5424651464046FDF7EEFB0028A5D0E0
:10FD2000F6E5059C4FF40872D8F804000DF5516112
:10FD300023600026606004F1080004F0D3FAE8E5CF
:10FD40002DE9F0430568ADF2544D0446002D44D032
:10FD500015681646442D66DCD1F804900F46B9F1BB
:10FD6000010F05D00DF2544DBDE8F043FFF72ABA5C
:10FD700000254FF4087202A898462946CDE900559F
:10FD800004F0D6FA236804F108014FF408720093D6
:10FD900002A86368019304F0A5FA29464FF408729B
:10FDA0008CA8CDE98A5504F0C3FA33684FF4087281
:10FDB00006F108018A938CA873688B9304F092FA79
:10FDC0006A468AA968468B95FFF76AFC054690B19A
:10FDD00028460DF2544DBDE8F0834FF408722946D1
:10FDE0006560083004F0A4FA2846A56025600DF28D
:10FDF000544DBDE8F0837860434668463246394644
:10FE0000FFF7E0F94745054618BFC7F804900028FA
:10FE1000DED17368012BDBD1424631464046FDF707
:10FE20006BFB0546D4E74FF0FF35D1E72DE9F04FE6
:10FE30009E682DED028BF407ADF6B40D039140F1F1
:10FE40002F8100258EAC8146174629464FF4087253
:10FE500090A89846C4E9005504F06AFA4FF4087275
:10FE600029460DF58D60C4E98A5504F061FA2946EA
:10FE70004FF408720DF5D260C4F85054C4F85454CD
:10FE800004F056FA41462046FEF742F80346B8BB56
:10FE9000D8F80030D9F800C0634512DC37DB5A1EB1
:10FEA00035D4013308EB830109EB830302E02ED341
:10FEB000501C2CD051F80459013A53F804098542DA
:10FEC000F5D9D9F804300DF58D6009F108014FF42A
:10FED0000872C4F828C20DF58C6BC4F82C3204F0FB
:10FEE00001FA00214FF4087206A8CDE9041104F0CC
:10FEF0001FFA04AA21465846FDF7A6FC034688B11E
:10FF000018460DF6B40DBDEC028BBDE8F08F0DF573
:10FF10008C6B484641465A46FFF7BEF80346002818
:10FF2000DFD0EDE704A85A464146FFF7B5F803468F
:10FF30000028E5D17A1E012382460DF5D165029293
:10FF4000B21C0093520002F00802324402FB06F396
:10FF5000C3F1020303FB02F202FB06F3C3F1020347
:10FF600003FB02F202FB06F3023B03FB02F308EE83
:10FF7000103A009B013B00930CD1029A13460133C7
:10FF800000F09180931C039951F823A0531E029313
:10FF9000202300932A46594620464FEADA76FDF799
:10FFA00053FC4FEA4A0A002872D1012318EE102AA6
:10FFB00041462846FEF720F8002869D186F0010363
:10FFC000454A52F8266052F8237004EA06010BEA0B
:10FFD0000703C818A8420DD0D4F850240830CA50DE
:10FFE0004FF40872D4F854340DF5D26140F8043C53
:10FFF00004F078F927400BEA060607EB0609A94545
:020000040801F1
:100000000ED0BB594FF4087209F108010DF5D2600A
:10001000C4F85034D9F80430C4F8543404F062F908
:10002000D4F850345A000193872A39DC29462846EF
:10003000FDF7F6FDD4F85024002A0EDB019B934215
:100040000BDD02F58B714FF0000C04EB81010132E6
:1000500041F804CB01D49342F9DCC8B9012318EE6E
:10006000102A41462846FDF7C7FF88B9A94580D028
:10007000D4F8503409F108004FF408720DF5D2613C
:10008000BB51D4F85434C9F8043004F02BF970E7AC
:10009000034618460DF6B40DBDEC028BBDE8F08F9B
:1000A0004FF0FF332CE718EE102A4146012320467B
:1000B000FDF7A2FF03464FF4087290A90093D4E91C
:1000C0000050DDF8E048C4E900502046083004F054
:1000D00009F9009B14E700BF0C8501082DE9F04FDA
:1000E0001D4613682DED028BADF2946D002B00F0D0
:1000F0007381442B00F37081012B144681460E4618
:100100001FD0D6F80080B8F1000F34D0D9F80070B5
:10011000EFB17368012B62D0012F03D1D9F80830F9
:10012000022B3BD042462346314648460095FFF716
:100130007DFE804640460DF2946DBDEC028BBDE81D
:10014000F08F9368012BDCD15368002BD9D10024A8
:100150004FF4087205F10800A0462146C5E90044A5
:1001600004F0E6F84046AC602C600DF2946DBDECF6
:10017000028BBDE8F08F4FF40872414605F108008C
:10018000C5E9008804F0D4F801234046AB602B6039
:100190000DF2946DBDEC028BBDE8F08FA3689A461A
:1001A000DB0740F144814FF000094FF4087208A8C2
:1001B0004946CDE9069904F0BBF849464FF4087268
:1001C00092A8CDE9909904F0B3F890AA08212046AE
:1001D000FEF732FB0346002864D09846AAE70027C2
:1001E0004FF4087292A83946CDE9907704F0A0F850
:1001F000D9F8003009F108014FF40872909392A8E1
:10020000D9F80430919304F06DF84FF40872394630
:100210000DF58E60CDF86874CDF86C7404F088F834
:1002200023684FF4087204F108010DF58E60CDF8D3
:1002300068346368CDF86C3404F054F890AA0DF576
:100240008D61CDF86C741046FFF72AFA80460028BD
:100250007FF470AF336806F108014FF408720DF5B2
:100260008E60CDF868347368CDF86C3404F03AF8D9
:100270000DF58D612346DDF8682490A80095CDF832
:100280006C84FFF7D3FD804600287FF453AF63688A
:10029000012B7FF44FAF2A4621462846FDF72CF963
:1002A000804647E7214606A8FDF732FE03460028B0
:1002B00093D14FEA48126B4908F1FF3B81FB0219C9
:1002C000A9EBE27909EB4909A2EB0909B9F1000FA1
:1002D00000F38880804650465246811C490001F058
:1002E000080151444FF0000A01FB02F2D146C2F16D
:1002F000020202FB01F1024601FB02F2C2F102021C
:1003000002FB01F101FB00F2023A02FB01F208EEEE
:10031000102A013F0AD1BBF1FF3F00F08C800BF1A6
:10032000020220270BF1FF3B56F8228001334FEAEF
:10033000D8724FEA4808C3F10301032B02FA01F215
:100340004AEA020AE5D1059518EE105ACDE903767E
:100350001E46069F7A00872A69DC06A90846FDF733
:100360005FFC069A97420BDD002A09DB911C06AB65
:1003700003EB8101013241F8049B01D49742F9DC7F
:1003800068BB01232A46214606A8FDF735FE30BB8F
:10039000013EDED106AA5146059D1046DDE90376F1
:1003A000FEF74AFA034600287FF417AF06AA90A981
:1003B0001046FDF7A1F8034600287FF40EAF06AA09
:1003C000039021461046FEF767FE039B82460028F5
:1003D0009FD003469846ADE64FF0FF38AAE60346A5
:1003E0009846A7E608F10102C9F12001039056F8EA
:1003F000227006AA27FA01F11046FEF71DFA00281E
:10040000EDD106AA90A91046FDF776F80028E6D1AE
:1004100006AA21461046FEF73FFE0028DFD1A8F1CC
:10042000020B039B07FA09F8C9F1210753E74FF0C4
:10043000FF3398467EE62146012318EE102A06A8CF
:10044000FDF7DAFD08A9039005F10800DDE90624AF
:100450002A604FF408726C6003F044FF039B9846D7
:1004600068E600BF565555552DE9F0471C46ADF5D9
:100470008B6D1B68DDF87884002B00F09980442B8D
:1004800000F39680012B06460D46924649D02F6810
:10049000002F7AD03368002B49D0D5F80490B9F1F9
:1004A000010F0AD02346524629463046CDF87884BB
:1004B0000DF58B6DBDE8F047B8E400274FF40872E6
:1004C00004A83946CDE9027703F032FF336806F11C
:1004D00008014FF40872029304A87368039303F0B1
:1004E00001FF39464FF408728EA8CDE98C7703F0EE
:1004F0001FFF23684FF4087204F108018C938EA843
:1005000063688D9303F0EEFE02AA8CA98D971046C6
:10051000FFF7C6F80746F0B138460DF58B6DBDE81C
:10052000F087A368012BB2D16368002BAFD1002400
:100530004FF4087208F1080027462146C8E9004434
:1005400003F0F6FE3846C8F80840C8F800400DF53C
:100550008B6DBDE8F0876860524602A823462946A5
:10056000CDF80080FFF762FCA845074618BFC5F824
:1005700004900028D0D16368012BCDD1424621469A
:100580004046FCF7B9FF0746C6E74FF40872394604
:1005900008F10800C8E9007703F0CAFE01233846D5
:1005A000C8F80830C8F800300DF58B6DBDE8F0874D
:1005B0004FF0FF37B0E700BF4B1E002B18DD00F1F6
:1005C000FF3C70B500EB010E6FF0010662461CF8AF
:1005D000014F1EF8015DA6EB0C0302328CF80050AF
:1005E0000344121A8EF800400B449A42EEDB70BDB1
:1005F000704700BFF0B50024ADF50B7D0D460646F3
:10060000174621464FF4087202A80094019403F0A3
:100610008FFE214602A84FF40872CDE9004403F092
:1006200087FE2B1B3A46694618BF012330460295C8
:100630000093FCF79FFF0DF50B7DF0BD58B1002135
:100640004FF4087208B503460830C3E9001103F0FF
:100650006FFE002008BD0020704700BF0346002148
:100660004FF408720830C3E9001103F061BE00BF07
:10067000034600214FF408720830C3E9001103F06B
:1006800057BE00BF034600214FF408720830C3E98B
:10069000001103F04DBE00BF002100F1080300F57A
:1006A0000A7CC0E900111A4601339C451170FAD149
:1006B000704700BF002100F1080300F50A7CC0E983
:1006C00000111A4601339C451170FAD1704700BFE2
:1006D000704700BF034638B100214FF4087208305C
:1006E000C3E9001103F024BE704700BF704700BF8C
:1006F0002DE9F041DDF818800E4615461C46079F8F
:1007000038B100214FF40872C0E90011083003F03D
:100710000FFE46B1002106F108004FF40872C6E949
:10072000001103F005FE45B1002105F108004FF46A
:100730000872C5E9001103F0FBFD44B100214FF43C
:10074000087204F10800C4E9001103F0F1FDB8F1EA
:10075000000F08D000214FF4087208F10800C8E922
:10076000001103F0E5FD47B100214FF4087207F1D5
:100770000800C7E9001103F0DBFD0020BDE8F081AF
:10078000FCF7BABEFCF7F6BEFDF75EB8FCF770BF2B
:10079000FEF7B8BCFEF7D6BCFEF7F4BCFDF7ACB96B
:1007A000934201D0FCF726BD4FF0FF30704700BFE9
:1007B000FEF772BCFEF774BFFDF7E2BC8EE400BF2B
:1007C00052E600BFFFF7BCBA4268012A30B41ED01F
:1007D00012B94A68012A17D002680B689A4212DCE3
:1007E0002EDB531E31D4013200EB820001EB82017B
:1007F00002E025D35A1C28D050F80449013B51F897
:1008000004299442F5D90122104630BC70474B6848
:10081000B3B10B680468A342F6DC11DB5C1E14D490
:10082000013301EB830100EB830301E0601C0CD07A
:1008300051F80459013C53F804098542E4D8F5D233
:100840004FF0FF3230BC10467047002230BC1046DB
:10085000704700BF036823B9003918BF012148421F
:1008600070474268012A0BD0012B07DC836899424C
:1008700004D38CBF4FF0FF30002070470120704739
:100880004FF0FF30704700BF0246006890B1411C36
:10089000431E52F821205B016AB1520803F10103A3
:1008A000FBD113F0070018BF0120002BB8BF07339E
:1008B00000EBE3007047002BB8BF0733D810704738
:1008C000FDF760BEFDF790BEFDF7CABEFDF71ABE8C
:1008D00090E600BFFDF7B0BF38B500230D464FF4DA
:1008E000087204461946C0E90033083003F020FDC1
:1008F000B5F5885F0AD26B11012105F01F055A1C5E
:10090000023301FA05F5226044F82350002038BD77
:10091000FEF71CB908B5FEF7ADF8002008BD00BF12
:1009200088420FD00B4610B4D0E900424A6000F173
:1009300008011C604FF4087203F108005DF8044BD5
:1009400003F0D0BC704700BF884219D04FF4087242
:1009500070B50D4600F1080600210446C0E90011FB
:10096000304603F0E5FC05F108013046D5E90023E7
:10097000C4E900234FF4087203F0B4FC002070BDFA
:1009800000207047884219D04FF4087270B50D46A8
:1009900000F1080600210446C0E90011304603F0CA
:1009A000C7FC05F108013046D5E90023C4E900235E
:1009B0004FF40872BDE8704003F094BC704700BF6C
:1009C00088420FD00B4610B5D0E900424A6000F1D2
:1009D00008014FF4087203F108001C6003F082FC68
:1009E000002010BD002070470368002B03DD8068E5
:1009F00000F0010070470020704700BF0068B0FAA7
:100A000080F04009704700BF0246006848B1431EAD
:100A1000411C580152F821301BB15B0800F1010064
:100A2000FBD170470346006860B1411C04220020DE
:100A300053F82130D9B209B1C3F3C010013A4FEADB
:100A40001323F7D1704700BFFDF7D2BFFDF790BF6A
:100A5000FDF74CBFB1F5805F10D802684B09B2EBCF
:100A6000511F09D3023301F01F0150F8230020FA6F
:100A700001F101F001007047002070474FF0FF3096
:100A8000704700BFB1F5805F15D84B094FF0010CDE
:100A900001F01F015A1C00EB83030CFA01F110B4A2
:100AA000046894425DF8044BB8BF026000209A6865
:100AB0000A439A6070474FF0FF3070472DE9F041CC
:100AC0000024ADF50A7D80460E46174621464FF4B8
:100AD000087202A80094019403F02AFCD8F80030B0
:100AE000009D5B00872B20DC40466946FDF798F8A7
:100AF000009BA3420BDB9D4209DD03F1020C0DEBD1
:100B00008C0C01334CF8044B01D49D42F9DC18B134
:100B10000DF50A7DBDE8F0813A4631466846FEF79C
:100B2000BBFA0DF50A7DBDE8F0814FF0FF30EFE72D
:100B3000C4E700BFFDF7ECB98446006800281BD06D
:100B400020DD0CF10401002202E00132904214D0B9
:100B500051F8043F002BF8D05001DA070CD410B440
:100B60000A4C03F00F021B0954F822100844002A13
:100B7000F7D05DF8044B70477047831C40015CF868
:100B80002330EAE7DCF808300020E6E7EC860108CD
:100B900098422DE9F84F07461D468A469346DDE9FF
:100BA0000A680BD0036800F108014FF408722B604B
:100BB000436805F108006B6003F094FB2A460121AD
:100BC0002846FFF717FD0446002870D145450DD093
:100BD0002B684FF4087205F1080108F10800C8F805
:100BE00000306B68C8F8043003F07CFB4046FFF728
:100BF000A3FF81460023424640464946FDF73AFF9F
:100C000000214FF4087206F10800C6E9001103F054
:100C10008FFB3A688AB1531C57F82340531E5B017F
:100C20001CB1640803F10103FBD1B3F5806F4DD112
:100C3000002A02DDBB68D80758D4414650463346E7
:100C40003A46FFF74BFA04468CBB33683BB17268F7
:100C5000012A04D0012B02DCB368012B30D02946D5
:100C60003046FDF7A9F858B309F1FF39B9F1000F83
:100C70001DDD4FF0010804E0C8451BDCFDF79CF8C2
:100C8000F0B139463246304608F10108FFF716FF49
:100C90000346294630468BBB3268002AECD0736885
:100CA000012BE9D0012AE7DCB368012BE4D120460F
:100CB000BDE8F88F29463046FDF77EF80028F6D1CA
:100CC00001232046CBF80030BDE8F88FB3F5006F64
:100CD00016D1002AB1DDBB68D907AED541465046D2
:100CE00033463A46F7F7DEFC0446ADE74146504648
:100CF00033463A46F7F7D4FD0446A5E71C46D6E747
:100D0000B3F5C06F0CD1002A97DDBB68DA0794D524
:100D10004146504633463A46F8F7DEF8044693E734
:100D2000002A8ADDB3F5406F87D1BB68DB0784D525
:100D30004146504633463A46F7F7CEFF044683E72E
:100D40004B1E2DE9F04FFF2BADF6BC0D029200F2C9
:100D5000DD80044600680E4601281ED0DFF8BC8105
:100D6000022208F57F79434630B96AB14B451DD060
:100D700053F8042F0028F8D061680129F6D0012823
:100D8000F4DCA1688A42F1D10123029A00251360A4
:100D900028460DF6BC0DBDE8F08FA368012BDDD110
:100DA0006568002DDAD1029B1D60F1E7C246022181
:100DB00005E0049B5BB1D14511D05AF8041F04AA89
:100DC0002046FCF77FFA054605900028F1D0002365
:100DD000029A284613600DF6BC0DBDE8F08F022381
:100DE000014681464FF4087203930DF58D6A0DF5A7
:100DF000D26BCDE9060008A803F09AFA039B20E025
:100E0000089F012F58D8CDE9909903F091FA4FF43B
:100E1000087200210DF58E60CAE9009903F088FA86
:100E20004FF4087200210DF5D360CBE9009903F06F
:100E30007FFA059A0135002A6DD0AE42A4D058F849
:100E4000043F4FF40872002108A80393CDE90699E6
:100E500003F06EFA039B4FF4087200210893003BE5
:100E600092A818BF0123CDE99099069303F060FA88
:100E70004FF4087200210DF58E60CAE9009903F065
:100E800057FA4FF4087200210DF5D360CBE90099B1
:100E900003F04EFADDF818C04FF40872002192A852
:100EA000CDF81490BCF1000FADD0079F90AB012F8F
:100EB000A9D0BCF1010FA3DD05AA06A92046CDE902
:100EC00000ABFFF765FE4FF408720021039092A873
:100ED000CDE9909903F02CFA4FF4087200210DF53A
:100EE0008E60CAE9009903F023FA4FF408720021DA
:100EF0000DF5D360CBE9009903F01AFA039B002BA0
:100F000097D0059A1D46029B1A6041E700234FF0D7
:100F1000FF3513603CE71546F5E700BF2C87010855
:100F2000FCF7D0B90CE700BF2DE9F04F002B18BF3C
:100F3000002AADF6145D0F464FF00101069142D034
:100F4000044600283FD01E464368012B3BD015467F
:100F50000268012A1BD0DFF89892022309F57F70FE
:100F6000C84632B953B140451ED058F8043F002A54
:100F7000F8D0012AF7DCA1689942F4D101234FF09F
:100F800000082B6040460DF6145DBDE8F08F8168C7
:100F90000129E0D1002BDED1002398462B6040468A
:100FA0000DF6145DBDE8F08F022106E0079B002BD3
:100FB000F2D0C1450AD059F8041F07AA2046FCF711
:100FC00081F90028F2D04FF0FF38DBE72368D3B176
:100FD0005A1C03F1FF3954F822304FEA49191BB16A
:100FE0005B0809F10109FBD119F0070A18BF4FF09E
:100FF000010A0AEBD90A09F00709BAF5807F04D97A
:101000006FF00108BEE799469A464FF000084FF48A
:1010100008720AA80DF50C6B4146CDE9088803F06B
:1010200087F941464FF4087294A8CDE9928803F0FD
:101030007FF941464FF408720DF58F60CDF870844A
:10104000CDF8748403F074F941464FF408720DF53D
:10105000D460CDF89886CDF89C8603F069F94146B6
:101060004FF408720DF6C800CBE9008803F060F970
:1010700041464FF408720DF52F60CDF8E88ACDF89F
:10108000EC8A03F055F941464FF408720DF52F60D4
:10109000CDF8E88ACDF8EC8A03F04AF90222012360
:1010A0000DF6E8212046CDF8F02A92AACDF8E83ACC
:1010B000FCF760FA804600287FF464AF002F4FF001
:1010C000010336DD03FA09F3013B5BB20393524699
:1010D0000DF6E821304600F0F9FD002840F083804D
:1010E000B9F1000F05D09DF8E83A039A13408DF846
:1010F000E83A52460DF6E82108A8FDF703FA002861
:101100006FD1089A002AE2D009990129DFD0012A7B
:1011100042DC0A9A022ADAD992A9CDE9042008A869
:10112000FCF74AFE0130DDE90423D0D1012A069301
:101130003BD800244FF408720DF58F602146CDF89E
:101140007044CDF8744403F0F3F84FF4087221466C
:101150000DF5D460CDF89846CDF89C4603F0E8F83C
:101160004FF4087221460DF6C800CBE9004403F0A5
:10117000DFF84FF4087221460AA8CDE9084403F0CD
:10118000D7F894A821464FF40872CDE9924403F0B1
:10119000CFF8069B2B60F5E6049092A908A8FCF70F
:1011A0000BFE0130049B92D106930DF5D36308A981
:1011B00006AA204600930DF58E63CDF804B0FFF724
:1011C000E7FC014688B9069B002BB2D04FF40872A9
:1011D000CDE908000AA803F0ABF8013F7FF477AF30
:1011E000A7E78046CEE68046CCE68046CAE600BF4A
:1011F0002C870108FBF7A6BFF0B50024ADF50B7DE9
:101200000D460646174621464FF4087202A8009480
:10121000019403F08DF8214602A84FF40872CDE93D
:10122000004403F085F82B1B3A46694618BF01239A
:10123000304602950093FCF75FF90DF50B7DF0BD8C
:10124000DAE700BF70B500250E4604464FF4087279
:101250002946C0E90055083003F06AF8731B284698
:10126000A66018BF0123236070BD00BF884238B557
:101270000C460BD000F108014FF40872D0E900537E
:1012800004F10800C4E9005303F02CF8002060606A
:1012900038BD00BFFDF790BA431E112B28BF0020B8
:1012A000C0B27047013810280DD8DFE800F0090CF3
:1012B0000912090F090909090909090C0C09090092
:1012C0006FF0E70070476FF0AC0070474FF4CF70DD
:1012D00070475820704700BF582805D0B0F5CF7F21
:1012E00014BF0020062070470420704701381028E2
:1012F00011D8DFE800F00909090E090C09090909EC
:1013000009090909090909006FF0E7007047202061
:101310007047142070476FF0AC00704701381028F8
:101320000FD8DFE800F00909090C090C09090909BF
:1013300009090909090909006FF0E7007047402011
:1013400070476FF0AC0070478C46114688B1ACF125
:10135000030CBCF10E0F0CD8DFE80CF00811080EDE
:1013600008080B080808080B0B0808006FF0E700D6
:1013700070476FF0AC0070471A46EFF7E1BB1A46B2
:1013800001F0B0BC78B103390E290CD8DFE801F0C8
:101390000813080E08080B080808080B0B080800BB
:1013A0006FF0E70070476FF0AC0070476FF001021C
:1013B0000021EFF7C5BB6FF00102002101F092BCE4
:1013C0008C46114698B102B98BB9ACF1030CBCF153
:1013D0000E0F0CD8DFE80CF00811080E08080B08F7
:1013E0000808080B0B0808006FF0E70070476FF063
:1013F000AC0070471A46EFF7D7BB1A4601F09CBC09
:1014000080B17AB1CB1E0E2B0CD8DFE803F00811A7
:10141000080E08080B080808080B0B0808006FF0F6
:10142000E70070476FF0AC0070471146EFF75EBC05
:10143000114601F01FBD00BFD8B1033908B50E2910
:1014400014D8DFE801F0080F080B08081308080893
:101450000813130808006FF0E70008BDEFF71AFD46
:10146000002008BD01F0BAFD002008BD6FF0AC00FF
:1014700008BD6FF0AC007047F0B59BB0174605464D
:101480000E466FF00102002101A801F02BFC18B1FB
:10149000044620461BB0F0BD3246294601A801F0A3
:1014A0004BFC044628B101A801F098FD20461BB072
:1014B000F0BD394601A801F0DDFC0446F3E700BFAA
:1014C0002DE9F0419EB0904606460F460DF10F05FE
:1014D0006FF00102002125F00F052846EFF730FBE1
:1014E00020B1044620461EB0BDE8F0813A463146A0
:1014F0002846EFF759FB044630B12846EFF7CAFCFF
:1015000020461EB0BDE8F08141462846EFF7EEFBCD
:101510000446F2E710B58E461146421E029C102A80
:1015200036D8DFE802F009090927091F0909090966
:1015300009090909090909006FF0E702A2421BD84D
:10154000A0F1030CBCF10E0F1FD8DFE80CF0081857
:10155000080D080808080808081E1E0808006FF093
:10156000E70010BD1F2C07D970461A46BDE8104091
:10157000FFF7A6BF132C02D86FF0830010BD704692
:101580001A46BDE81040FFF777BF6FF0AC0010BD02
:101590006FF0AC02D2E700BF2DE9F04FABB0984638
:1015A000012306460DF13F048DF807103D49914691
:1015B000DDF8D0A024F00F040225372703918DF821
:1015C0000B3005E02046EFF765FC012D55D00125D5
:1015D0002046EFF72DFC834600284ED101220DF165
:1015E0000B012046EFF7E0FA83460028EAD19DF888
:1015F0000B30042203A9204601338DF80B30EFF79E
:10160000D3FA83460028DDD19DF80730042B08D09B
:1016100001220DF107012046EFF7C6FA83460028A4
:10162000D0D1424649462046EFF7BEFA834600280D
:10163000C8D1BAF1000F09D0359B3BB11A465146CB
:101640002046EFF7B1FA83460028BBD104A9204613
:10165000EFF74CFB83462046EFF71CFCBBF1000F75
:10166000B3D1202F18D93046202204A9203602F009
:1016700039FE012D4FF01707A9D104AA0CAC0020A8
:1016800011460132A2420870FAD1BBF1000018BF26
:1016900001202BB0BDE8F08F3A4604A9304602F095
:1016A00021FE92E7000001B8F0B585B00E4600219A
:1016B0001D460392782200F10807044602F038FE26
:1016C0000A9B3246042101933846039B0095FFF79D
:1016D00063FF10B1012005B0F0BD014637233A4643
:1016E000CDE9000004F13F00FFF756FF0028F1D1DB
:1016F0000123606084F87600236005B0F0BD00BF70
:10170000F0B591B00C46174600F1080637220021CB
:10171000054602A802F00CFE37233246012102A83A
:1017200001970094FFF738FF10B1012011B0F0BD10
:1017300002A904463722304602F0D4FD02AB0DF177
:101740003F011A4601338B421470FAD137233246D7
:10175000002105F13F00CDE90044FFF71DFF0028FF
:10176000E3D10123686085F876002B6011B0F0BDED
:101770002DE9F04FBBB0002800F01E8103688A46B7
:101780009249074618BA8B42009000F01081012A56
:101790000EAD0DF17F0607F1080138BF0122049359
:1017A0000323284612F01F0B914626F00F060191E5
:1017B00018BF4FF0010B8DF80F300BEB521B372287
:1017C00002F090FDBBF1000F00F0FB804FF000082D
:1017D0003046EFF72DFB0446C8B13046EFF75AFB11
:1017E0002B460DF16F0000211A4601338342117020
:1017F000FAD1002C66D0012616A900222B4601350D
:101800008D421A70FAD130463BB0BDE8F08F3722D6
:1018100029463046EFF7C8F904460028DDD106A96D
:101820003046EFF763FA04463046EFF733FB002CFF
:10183000D6D1042206A905A802F054FD3B68012B6D
:10184000059B02D97A689A4218D07B60002387F8FA
:101850007630BAF1000F0CD0B9F1000F09D0B9F110
:101860001F0F1AD84A4606A950464FF0000902F049
:1018700039FD08F10108D845AADBB1E797F87630C1
:10188000012BB8D00BF1FF3343454FF0010308BFE4
:101890000BF1010B87F87630DBE75046202206A9D2
:1018A000A9F1200902F01EFD0AF1200A0DF16F02D4
:1018B00012F8013D0133DBB21370002BD9D19542F0
:1018C000F6D1D6E73046EFF7B3FA38B13046012605
:1018D000EFF7E0FA3B6801333B608DE701220DF141
:1018E0000F013046EFF760F90028EFD13722019958
:1018F0003046EFF759F90028E8D130462946EFF78E
:10190000F5F9034630461E46EFF7C4FA002E5AD1C9
:1019100007F13F010DF157028C46107895421CF8F3
:10192000013D02F1FF32034403EB040ECEF30F241A
:101930008CF800E0F1D1234607F11F02019C12F858
:10194000010D034494429BB213704FEA1323F6D166
:1019500008460023DDF804C010F8012D90F8374048
:101960008445224402EB0304C4F30F230470F3D133
:10197000009B05AC07F13B000493002311F8012DF7
:1019800014F801CD8842624402EB030CCCF30F2320
:1019900081F800C0F2D1014611F8012D1344019ADB
:1019A0009BB28A420B704FEA1323F5D192E70226CD
:1019B00030463BB0BDE8F08F012630463BB0BDE875
:1019C000F08F01240CE7012684E700BF40420F009E
:1019D00028B121B1806800B192E6012070476FF014
:1019E000AC0070472DE9F0430F1F042F3B4628BF82
:1019F000042337B3002500F1FF382E46EC18F3B16D
:101A00000344021908EB050E4FF0000C1C4412F8B9
:101A1000013B1EF8019F944283EA09034CEA030C40
:101A2000F5D1BCF1000F08BF032604354B1B042B76
:101A300028BF0423AF42E1D83046BDE8F083032637
:101A4000F3E73E463046BDE8F08300BF38B518B333
:101A500084680546E4B104F17800234600211A4663
:101A6000013383421170FAD1631E04F1770100241F
:101A700013F8012F994244EA0204F9D1002CA86816
:101A800018BF6FF0C60408B104F04EFE0023AB602F
:101A900000232B73204638BD6FF0AC04FAE700BF7B
:101AA00088B110B50446FFF7D1FF002104F1100002
:101AB00023461A46013398421170FAD12046BDE8F8
:101AC000104004F031BE704730B5A1B0279D002B07
:101AD00044D0002D42D004460846194614B1259B37
:101AE000002B3BD0289B802B35D10346009202A8C7
:101AF000249AFFF7D9FD60B92CB102A8DDE92512BF
:101B0000FFF7FEFD28B98022294602A8FFF730FE24
:101B1000B8B14FF0FF3002AB00211A46013311700B
:101B200020AA9342F9D10DF107030DF17F0C002299
:101B300013F8011F634542EA0102F9D15AB921B0F5
:101B400030BD8022294602A8FFF712FE003818BFD8
:101B500001204042DFE74FF0FF30F0E76FF0AC00CC
:101B6000EDE700BF00B589B0CDE900230A9B6FF017
:101B7000010202930B460B990692002203910C99E5
:101B8000059204911146FFF79FFF09B05DF804FB31
:101B900070B540B305460E4614480021144606F0C1
:101BA000D7FB411C28600DD044B12246314606F0D7
:101BB000E3FB431C10D128686FF0650406F0C0FBFE
:101BC000204670BD00210A4806F0C2FB421C286076
:101BD000EAD16FF06404F3E7A042286814BF6FF005
:101BE00068040024EAE76FF0AC04E9E77C9301089D
:101BF0008C9301082DE9F0410446A8B080680D4699
:101C00001646FFF7B5FD022809D028B1032849D0B0
:101C100002236FF0C600237328B0BDE8F0810022D4
:101C20006FF00103DFF8A08008AF11460120039791
:101C3000CDF80480CDE9052380230493202302936B
:101C400030230093A8F13003FFF73EFF50BB08F1AB
:101C500020010DF11F020DF19F0E042301E011F888
:101C6000013F12F801CF83EA0C03724540EA0300FA
:101C7000F5D1B8B9242239462046FFF789FFC0B90B
:101C800024213846FFF7AEFEA0B9A06888B1202213
:101C90006944FFF735FD68B932462946A068FFF769
:101CA00067FD07E003236FF0D000237328B0BDE881
:101CB000F081012011A900223A7001378F42FBD137
:101CC0000028A9D0A2E700BF5C8B0108A8B110B41E
:101CD00081B142B1B2F5803F0CD8037B012B06D114
:101CE0005DF8044B86E710465DF8044B70476FF0D3
:101CF000C600F9E76FF0AC00F6E76FF0AC00704794
:101D000038B131B1027B012A00D173E76FF0C60010
:101D100070476FF0AC0070472DE9F047A8B000287D
:101D200000F0AD8088460446174611B9002A40F0FD
:101D3000A6800022C4E901326FF0010322739742AA
:101D4000114606934FF0800310460592049308ABAA
:101D500014BF4FF0240A4FF0340A03933023CDE927
:101D6000012200934A4BFFF7AFFE002840F082802B
:101D70000DF11F06DFF81C910DF19F054FF0D30CFC
:101D80004946334601E011F801CF13F8012F8CEAE0
:101D9000020C9D4240EA0C00F5D100286AD16FF098
:101DA000010208AB05900692802201900492202245
:101DB000CDE90203364B0092102203F12001FFF718
:101DC00083FE002856D1D32301E019F8013F16F80D
:101DD000012F5340AE4240EA0300F6D1002849D11A
:101DE000782004F069FCA06000284BD0524608A976
:101DF0002046FFF7CDFEF0B9514608A8FFF7F2FDE7
:101E0000054648B3A06808B104F08EFC00230AF12F
:101E1000FF3AA3600AF1010A08AB00219A441A466E
:101E2000013353451170FAD14DB90123237328466C
:101E300028B0BDE8F087022301252373E2E7032DD4
:101E400018D0012D4FF0020308BF6FF0C6052373B1
:101E5000284628B0BDE8F08700974346AAF104025F
:101E600009A9A068FFF720FC05460028CAD10AF19D
:101E7000FF3ACFE703236FF0D0052373D7E76FF066
:101E8000AC05D4E70AF1FF3A6FF07C05C2E700BF6A
:101E9000FC8B01082C8C01083EE700BF00233BE7C8
:101EA00000220B46114637E700231A46194633E74E
:101EB000F8B5054610200E46174604F0FDFB044613
:101EC00028B13B4632462946FFF726FF08B920468F
:101ED000F8BD2046002404F027FC2046F8BD00BFD2
:101EE0002DE9F04F836D97B0C56C06931590DE4BCE
:101EF0000B95D1F80C90D0E91447D1E9006AC06D78
:101F00008AEA090E0246F0181044149200EBF562BA
:101F1000069D87EA0500204068403D46274610445C
:101F200085EAB4020B9C129522400AEB03046A4036
:101F3000069D2C4422440B9C4FEAB4088C6802EBAB
:101F4000F06288EAB70C86EA040BE5183E460CEA14
:101F5000000C13968CEAB70C129F3D4488EAB00738
:101F6000AC44174009EB030587EA08070CEBF26C59
:101F700005EBB6050E694FEAB2022F444D6982EABD
:101F8000B00A744089EA050907EBFC670AEA0C0A03
:101F90000194CDF8109006EB03098AEAB00AC84410
:101FA00005EB0309C24482EABC0809EBB00008EA69
:101FB00007080AEBF76A4FEAB70788EA0208804485
:101FC000886986EA0009CE6908EBFA687540CDF8A1
:101FD000149087EABC090795C51809EA0A092A443A
:101FE00087EABA0589EABC0905EA08059144F218AE
:101FF0007D4002EBBC0209EBF86915440A6A4FEA1E
:10200000B808504005EBF96588EABA0C8BEA020B78
:102010000990486A0CEA090C8EEA000E8CEABA0CA8
:10202000CDF808E086EA000ED618019CCDF828E02D
:102030003E44D1F828E0C718664488EAB90C07EB9B
:10204000BA0784EA0E0A06EBF5660CEA050CCDF831
:102050000CA04FEAB50582EA0E0ACA6A85EAB904FD
:102060008CEA080C50403440BC440D900EEB030049
:1020700084EAB904049F40440CEBF66C02EB0308BD
:102080005740044485EAB60008EBB908D1F830900F
:1020900000EA0C0004EBFC648EEA090E4FEABC0C6B
:1020A00068400194CDF838E08CEAB60E404400EB6D
:1020B000F460059C84EA0908019CCDF814800EEABE
:1020C000040ED1F83480079C8EEAB60E8BEA080B1A
:1020D00082EA0802CDF810B084EA080B049CCDF81F
:1020E0001CB08AEAF47A87EAF47BCDF830A082EA61
:1020F000FB7A09EB0302CDF83CB02A4408EB030558
:10210000CDF840A09644019A05EBB6058CEAB202E0
:102110000EEBF06E02404FEAB00082EA0C022A4455
:1021200002EBFE65D1E90E760895029D89EA070962
:10213000099988EA060885EA07020A9D81EA070BE1
:10214000039985EA060A059D7140059285EAF275B4
:102150002C460F9D8BEAF57B8AEAF47ACDF824B001
:1021600089EAF479079D0D9A85EAF17B059DCDF802
:1021700028A0CDF808B082EAF57B0E9D85EAF17AB9
:102180000C9D2A46029D82EAF575099A8BEAF27B3C
:102190000A9A07958AEAF27A109A89EAFB791094EA
:1021A00082EAF572019C029D0C9288EAF5784D4610
:1021B00080EAB409099A88EAFA7809EA0E09CDF8A2
:1021C0000C8007EB030889EAB409049CC44487EA3D
:1021D000F477089CE144089587EAF2770C9A09EBBA
:1021E000F46987EAF27CF7184FEAB402CDF834C0FC
:1021F00080EABE0C0CEA040C019C07EBB404059FBA
:102200008CEA000C86EAF7760A9FA44482EABE04B0
:1022100086EAF776059F04EA09040CEBF96C86EA76
:10222000F578049D84EABE0403EBF576CDF838809A
:10223000304482EAB906204406EA0C0603EBF77440
:1022400000EBFC6056404FEABC0C04EBBE0E03EB07
:10225000F174B6448CEAB90622444FEAF1710640A3
:10226000059C0EEBF06E01E09979825A86EAB90678
:1022700032440F9E4FEAF67703EBF673109E02EBA3
:10228000FE6203EBB90381EAF57981EAF67187EA28
:10229000F475029C81EAFA7187EAF477079C04914D
:1022A00085EAFB750C9989EAF47487EAF17703995A
:1022B00084EAF1780D990E9C85EAF1790499E04D54
:1022C000CDF8049081EAF47905EBF674CDF83C90F2
:1022D00087EAF8793746099ECDF840908CEAB00934
:1022E00009EA0E094FEABE0E89EA0C098EEAB0012E
:1022F000A444029C51404B4405EBF47403EBF2639D
:102300008C448EEAB2010CEBF36C594004EBB00044
:102310004FEAB303084405EBF67183EAB2048E4436
:102320004FEAF676079984EA0C0400EBFC607444EB
:1023300086EAF77E0D9F86EAF176089904EBF06451
:1023400086EAF776019F8EEAF17E10998EEAF77E93
:102350000A9F86EAF17905EBF77683EABC01CDF8AE
:10236000249006EBB202039E41404FEAF7774FEA12
:10237000B0001144029A87EAF27287EAFB7782EA98
:10238000F6720E9E01EBF46187EAF6770F9E87EAFC
:10239000FE79079F82EAF67205EBF77780EABC06C2
:1023A00004923B4405EBFB7766404A4607EBBC0CC6
:1023B000334480EAB40605EBFA770A9203EBF16343
:1023C0004E404FEAB1013844B4444FEAFA7981EA09
:1023D000B4060CEBF36C5E400644079889EAF07A89
:1023E000089806EBFC6689EAF0790F988AEAF87A91
:1023F00089EAF079049889EAF2798AEAF07ACDF8E4
:10240000149081EAB3000C9A80EA0C004FEABC0CED
:1024100005EBF27707EBB404039F04444FEAF27034
:10242000109A80EAFB7B80EAF770019F04EBF66468
:1024300080EAF270099A8BEAF77B089F80EAFA79C2
:1024400005EBF7778CEAB300CDF830903944039F61
:1024500070408BEAF27B05EBF7770D9A01448CEA2A
:10246000B60007EBB30301EBF46160404FEAB4043C
:10247000034405EBF27084EAB607844408984F40A1
:1024800003EBF163BC444FEAF2770E9A87EAF079E6
:10249000099887EAF87789EAFE7987EAF0770C9855
:1024A00089EAFB790CEBF36CCDF8089087EAF079B8
:1024B00005EBF270039FCDF8349084EAB10900EB8C
:1024C000B6064FEAF270019A89EA03094FEAB303AC
:1024D00080EAF77780EAF270049A4E4487EAF2774E
:1024E0000A9A06EBFC6680EAF270059A87EAF279AE
:1024F000029A4F4680EAF27905EBF8700F9ACDF810
:10250000389083EAB109044483EABC0089EA0C09E3
:1025100007977040A144019C05EBF47409EBF66940
:1025200004EBB1014FEAB606084405EBF27186EA06
:10253000BC040B444FEAF27184EA0904059A00EBEB
:10254000F960234481EAF87481EAFE7184EAFA743E
:1025500081EAF27184EAF778109C0E9F03EBF06336
:10256000424681EAF77805EBF47786EAB901CDF8BF
:10257000208007EBBC0C41404FEAF4774FEAB000F3
:10258000614480EAB90801EBF364049988EA03081E
:102590000394019C87EAF47487EAF1770C9984EA42
:1025A000FB740F9287EAF1770D9984EAF17C05EBD1
:1025B000FE74CDF804C087EAF27C2644049A80EACF
:1025C000B304099FB044039ECDF840C008EBF66801
:1025D00074404FEAB60105EBF27606EBB90981EAE1
:1025E000B306A14405EBF77486EA080620440A9C6A
:1025F00009EBF86905EBF47506444FEAF7704FEA0A
:10260000F477029C05EBB303079D80EAFE7E87EA20
:10261000F2728EEAF47E089C82EAF5720D9D80EAE1
:10262000FA7082EAF47C109A81EAB80406EBF96643
:10263000CDF80CC080EAF57084EA09040E9D01E033
:10264000A1EBD96E87EAFB77234446EAB90487EA0F
:10265000F577019D80EAF27C8EEAF57EE34D04EA8F
:10266000B802CDF844C006EAB90403EBF66314439C
:1026700005EBFA7287EAFE7C114443EAB607CDF80F
:1026800024C007EAB9020C4403EAB607059904EB33
:10269000F364174305EBFB7244EAB3008C4602EB8C
:1026A000B80205EBF171174400EAB60204EAB30080
:1026B0004FEAFC7C104301EBB90202998CEAFA7AEA
:1026C00002440F988CEAF17C08998AEAF07A0C9817
:1026D0008CEAF17C039907EBF4678AEAF1780999AF
:1026E00002EBF7628CEAF17CCDF8108005EBF0711B
:1026F000CDF828C047EAB40C4FEAF0700CEAB30AF0
:1027000007EAB40C80EAFB784AEA0C0C01EBB60A43
:10271000079E42EAB70B0199E24480EAF67088EA24
:10272000F17810990AEBF26A80EAF17911980BEAD4
:10273000B40188EAF078049802EAB70B89EAF07CE1
:10274000029841EA0B0B05EBF071CDF830C001EBBC
:10275000B3034AEAB2019B4401EAB7030AEAB201B1
:102760000BEBFA6B194305EBF6734BEABA0003EB7C
:10277000B4030D9C00EAB20C19440BEABA0005EB55
:10278000F4734CEA00004FEAF47603EBB70C0F9CAD
:1027900001EBFB610E9F8444029886EAF073119866
:1027A00086EAF47683EAFE7341EABB0483EAF879A9
:1027B0000C9B86EAF076CDF8089004EABA0086EA27
:1027C000F37901EABB0405EBF773CDF834900443C9
:1027D0004FEAF77903EBB200039A0CEBF16C019B23
:1027E0002044079C89EAF477029C89EAF379099BE3
:1027F00087EAF2770A9A89EAF37987EAF2760F9FF5
:102800004CEAB10200EBFC60059602EABB030CEA5D
:10281000B10240EABC061A4305EBF77389EAF47982
:10282000019C03EBBA03CDF81C901A4406EAB103ED
:1028300000EABC0602EBF0621E4305EBF47342EAC9
:10284000B00403EBBB0304EABC091E44089B02EA84
:10285000B00405EBF37349EA040406EBF26603EBFC
:10286000B1090899059B4FEAF171A14481EAFE7A0A
:1028700081EAF77404990A9F09EBF66984EAF17B0F
:10288000079946EAB2048AEAF77A109F8BEAF37B4B
:102890008AEAF17A04EAB003CDF820B005EBF771CB
:1028A00006EAB2044FEAF7771C4301EBBC03039935
:1028B0002344019C87EAF17187EAF4740C9F03EBCF
:1028C000F96384EAF87C0D9C81EAF7718CEAF47C68
:1028D000089CCDF838C049EAB60C81EAF4710CEADC
:1028E000B20409EAB60C44EA0C0C05EBFE7404EBE6
:1028F000B000844443EAB90000EAB60403EAB90030
:102900000CEBF36C2043039C4CEAB30B05EBF47423
:1029100004EBB2020BEAB9040CEAB30B104444EA2C
:102920000B0B119C00EBFC6005EBF47707EBB60298
:102930000D9E5A444FEAF47B02EBF064049A8BEA52
:10294000FE778BEAF27B029A8BEAF67B0E9E87EA91
:10295000F277099A8BEAF17E87EAF67740EABC06BD
:10296000CDF83CE0964605EBF27206EAB30B00EABE
:10297000BC064BEA060602EBB90B039AB344764653
:102980004FEAF6760BEBF46B86EAF279059A86EA63
:10299000F87689EAF279079A89EAFA7E86EAF27687
:1029A000CDF80CE086EAF77E4BEAB406CDF824E0D9
:1029B00044EAB00E0EEABC0204EAB00E42EA0E0E81
:1029C000049A05EBF27202EBB30206EAB0030BEADB
:1029D000B40696441E4305EBF8730EEBFB6E03EB57
:1029E000BC034EEABB021E440A9B01E0DCBC1B8F09
:1029F00002EAB40C05EBF3730EEABB0206EBFE66CB
:102A00004CEA020203EBB00C0C9B0A98944405EBD1
:102A1000F3754FEAF07005EBB402049C029D4FEA97
:102A2000F37980EAF473059C80EAF570089D89EAE1
:102A3000F87883EAF573039D89EAF4790E9C83EABA
:102A4000F5730F9D88EAF478099C80EAFA7088EAA9
:102A5000F57880EAF470A24C46EABE050C9006EACE
:102A6000BE0005EABB0589EAF179054304EBF17084
:102A700089EAF379049004EBF3730B980CEBF66C92
:102A80000A934FEAB6060119154486EABE0310916F
:102A900005EBFC65029883EA0C030D9904EBFA7AC6
:102AA00004EBF072059802EBBB0204EBF0701344E8
:102AB00086EABC0200EBBE0003EBF5636A404FEA16
:102AC000B50504EBF17E024485EABC0B0EEB060073
:102AD00002EBF3628BEA030B4FEAF176584400EB0A
:102AE000F261029886EAF07E08980191019904EB60
:102AF000F07B86EAF07604988EEAF77EAB4400EB32
:102B0000B10107988EEAF87E029104EBF8780F99EC
:102B100085EAB305CDF8108004EBF77786EAF17605
:102B2000554004EBF17886EAF97604EBF07104EB9A
:102B3000F97901EBBC01CDF8209004EBF67929443A
:102B40004FEAB202CDF82C904FEAF0790198924406
:102B500001EBF061059889EAF0760E9889EAF07544
:102B600004EBF07C039805950CEBB30C019D82EA15
:102B7000B30304EBF07986EAF0766B4001985B448E
:102B800082EAB0020C9803EBF1634A404FEAB101CC
:102B900086EAF07604EBF07B624481EAB5000F44EC
:102BA00002EBF362584081EAB30104EBF67550443E
:102BB0005140019509EBB30900EBF260029D4FEA29
:102BC000B2022944059D1646099A01EBF06186EA96
:102BD000B303B04404EBF27A434085EAF27586EA27
:102BE000B002019E3B4485EAFE75109F4A4003EB0C
:102BF000F1634FEAB1014A440AEBB00A07EBF575FD
:102C00000A9F81EAB000BC4602EBF3625840049F81
:102C10008C4481EAB301404404EBFE74514007EB5D
:102C2000B30E00EBF260089F4FEAB202514407EB8B
:102C3000B00982EAB303934401EBF061434082EAB6
:102C4000B00263444A4003EBF16372444FEAB101BE
:102C500002EBF36281EAB0000C4481EAB301584010
:102C600006EBB3065140584489440B9900EBF260DF
:102C70004FEAB20209EBF06982EAB3038F1882EAE5
:102C8000B0020699434005EBB00582EA09021C44F4
:102C9000164404EBF9644FEAB90906EBF462159E99
:102CA00001EBB40389EAB000B3656040129B89EA86
:102CB000B40403EBB20338445440139F00EBF262B8
:102CC00073652544149B002003EB0901BB1805EB39
:102CD000F262F1653365F26417B0BDE8F08F00BFB2
:102CE000D6C162CAF0B103461048002210B4104C9D
:102CF00019661049DC6404F129449A60A4F596141D
:102D0000C3E9140101F12C51A4F68B64104601F5BE
:102D1000C01101F2F241C3E90022C3E916415DF896
:102D2000044B70476FF0AC00704700BF89ABCDEF2C
:102D300001234567FEDCBA982DE9F84F002875D0CD
:102D40008B460646904641EA020409B9002A6DD135
:102D5000A4B330683F286CD8736818EB0303736022
:102D600002D3B3680133B36006F10C0748BBB8F176
:102D70003F0F55D9A8F1400906F1080A06F14805A8
:102D800029F03F0909F14009D94440225946384603
:102D9000934401F0A7FA534653F8044F24BA9D42D6
:102DA0001C60F9D139463046FFF79AF8CB45044606
:102DB000EBD108F03F08B8F1000F27D12046BDE85D
:102DC000F88FC0F1400459463844444528BF444672
:102DD0002246A8EB040801F085FA3368A3441C449A
:102DE000402C3460C3D106F1080306F1480553F8BE
:102DF000042F12BA9D421A60F9D139463046FFF7C6
:102E00006FF804460028D9D13060B0E7494638460B
:102E1000424601F067FA2046C6F80080BDE8F88F08
:102E2000D9460024B8F1000FC8D0EFE76FF0AC042A
:102E3000C4E76FF08304C1E700B5864687B0B0B140
:102E40000846A1B10EF14C020DF1040C0EF1600E1A
:102E500052F8043B1BBA72454CF8043BF8D11422DB
:102E600001A901F03FFA002007B05DF804FB6FF004
:102E7000AC00F9E72DE9F843002877D00D46B1FA08
:102E800081F14909002D71D007460446802257F888
:102E90000C3B581C2060FA542368382B49D8F8188A
:102EA000C3F1380204F1080804F14806002101F0DA
:102EB0003FFA434653F8042F12BA9E421A60F9D1E2
:102EC00041460422D4E901304FEA537CDB000CEB8D
:102ED000C0006360A06004F1440001F003FA042222
:102EE0003046A11801F0FEF939462046FEF7F8FFFA
:102EF00004F14C01814604F160000B461A6812BAD5
:102F000043F8042B9842F9D11422284601F0EAF93B
:102F100000231849184AA360C4E91312C4E9003316
:102F20001649174A174B6165C4E916234846BDE8A0
:102F3000F883C3F14002F818A04601F0F9F94023E4
:102F400004F1480648F8083B434653F8042F12BAE8
:102F50009E421A60F9D139462046FEF7C1FF8146EC
:102F60000028E3D12060382238469FE76FF0AC0993
:102F7000DCE700BF0123456789ABCDEFFEDCBA98E3
:102F800076543210F0E1D2C3F0B103461049114833
:102F9000002210B4C3E9130100F1294001F15441AA
:102FA0000D4CA0F5961001F5A6211A66A0F68B60CF
:102FB00001F267619A60D965C3E91540C3E900224F
:102FC00010465DF8044B70476FF0AC00704700BFCF
:102FD00089ABCDEF01234567FEDCBA98704700BF8F
:102FE00088B110B50C469AB051B10146642201A8CF
:102FF00001F078F9214601A8FFF73CFF1AB010BD97
:103000006FF0AC00FAE76FF0AC00704778B10B4698
:1030100010B5B1FA81F4640931B101466422184651
:1030200001F060F9204610BD6FF0AC0010BD6FF0EC
:10303000AC007047034B00201A681A6801321A600E
:10304000704700BFC8220020054B1A68013A1A6079
:103050001A68002A01DA00221A601B6800207047F3
:10306000C8220020042003F027BB00BF08B902B12A
:10307000106868B330B504786CB10D786DB18C46CA
:103080002B4602E01CF8013F3BB1A342FAD110F8F5
:10309000014F002CF2D1204630BD047886465CB149
:1030A0007DB18C462B4602E01CF8013F4BB1A34298
:1030B000FAD100230EF8013B002AEDD0C2F800E05F
:1030C00030BD1EF8014F002CEAD1002AF6D1E3E70B
:1030D000704700BF70B4E8B105688DB12C78B4B109
:1030E0000E78AC467EB10A46334602E012F8013F44
:1030F0004BB19C42FAD16346002203F8012B0360D6
:10310000284670BC70471CF8014F002CEAD1002300
:103110000360F5E70546F3E784468AB1013A11D02A
:103120000139002004E001300CF8013B824203D059
:1031300011F8013F002BF6D100238CF800307047C6
:10314000104670471046F7E7F8B514460AB920460E
:10315000F8BD06460D4601F0E3F8844207461AD34F
:10316000241A15D0631E06EB000C19D0691E00242A
:1031700004E001340CF8012B9C4203D011F8012F1C
:10318000002AF6D13C44002320468CF80030F8BDDC
:1031900004462046F8BD284601F0C2F8C419D6E717
:1031A0000446F0E700207047002070470020704779
:1031B000002070472DE9F041044608460E461746A8
:1031C00001F0AEF8F0B1B842054616D8274402E047
:1031D0003B1B9D4211D8A04614F8013B6BB196F8F9
:1031E00000C09C45F4D12A463146404605F040F8DF
:1031F0000028EDD14046BDE8F0814FF00008404680
:10320000BDE8F081A0464046BDE8F08153B94AB917
:10321000002908BF00281CBF4FF0FF314FF0FF30DE
:1032200000F074B9ADF1080C6DE904CE00F006F8B9
:10323000DDF804E0DDE9022304B070472DE9F04732
:10324000089D04468E46002B4DD18A42944669D98A
:10325000B2FA82F252B101FA02F3C2F1200120FA6D
:1032600001F10CFA02FC41EA030E94404FEA1C48BB
:10327000210CBEFBF8F61FFA8CF708FB16E341EAB7
:10328000034306FB07F199420AD91CEB030306F13D
:10329000FF3080F01F81994240F21C81023E63445E
:1032A0005B1AA4B2B3FBF8F008FB103344EA034402
:1032B00000FB07F7A7420AD91CEB040400F1FF3317
:1032C00080F00A81A74240F207816444023840EA54
:1032D0000640E41B00261DB1D4400023C5E900438D
:1032E0003146BDE8F0878B4209D9002D00F0EF8010
:1032F0000026C5E9000130463146BDE8F087B3FA43
:1033000083F6002E4AD18B4202D3824200F2F9802A
:10331000841A61EB030301209E46002DE0D0C5E92D
:10332000004EDDE702B9FFDEB2FA82F2002A40F079
:103330009280A1EB0C014FEA1C471FFA8CFE01267C
:10334000200CB1FBF7F307FB131140EA01410EFB20
:1033500003F0884208D91CEB010103F1FF3802D2C7
:10336000884200F2CB804346091AA4B2B1FBF7F0C1
:1033700007FB101144EA01440EFB00FEA64508D9E4
:103380001CEB040400F1FF3102D2A64500F2BB8021
:103390000846A4EB0E0440EA03409CE7C6F1200770
:1033A000B34022FA07FC4CEA030C20FA07F401FAB6
:1033B00006F31C43F9404FEA1C4900FA06F3B1FB3F
:1033C000F9F8200C1FFA8CFE09FB181140EA0141A4
:1033D00008FB0EF0884202FA06F20BD91CEB010141
:1033E00008F1FF3A80F08880884240F28580A8F199
:1033F00002086144091AA4B2B1FBF9F009FB1011EB
:1034000044EA014100FB0EFE8E4508D91CEB010188
:1034100000F1FF346CD28E456AD90238614440EA2B
:103420000840A0FB0294A1EB0E01A142C846A646AB
:1034300056D353D05DB1B3EB080261EB0E0101FA34
:1034400007F722FA06F3F1401F43C5E90071002691
:103450003146BDE8F087C2F12003D8400CFA02FCE7
:1034600021FA03F3914001434FEA1C471FFA8CFEF7
:10347000B3FBF7F007FB10360B0C43EA064300FBE7
:103480000EF69E4204FA02F408D91CEB030300F185
:10349000FF382FD29E422DD9023863449B1B89B23C
:1034A000B3FBF7F607FB163341EA034106FB0EF3C5
:1034B0008B4208D91CEB010106F1FF3816D28B4272
:1034C00014D9023E6144C91A46EA004638E72E463E
:1034D000284605E70646E3E61846F8E64B45A9D236
:1034E000B9EB020864EB0C0E0138A3E74646EAE7A5
:1034F000204694E74046D1E7D0467BE7023B614453
:1035000032E7304609E76444023842E7704700BFBB
:1035100070B500F007FE00F0C3FF01F01DF948B3DD
:103520000024032000F098F803F038F9064603F071
:103530006BF9054608BB134B9E4220D001339E42D7
:103540000ABF00240546012501F082F820B10024BD
:10355000032000F081F82546002003F029F90DB181
:1035600000F090F800F03AFF204600F045F900F036
:1035700089F8F9E741F28834D6E70024E4E7044605
:10358000E2E700BF010007B008B500F097FDA0F129
:1035900020035842584108BD07B512238DF8050095
:1035A000022101A88DF8043000F0A6FD03B05DF8FB
:1035B00004FB000007B5042101900DEB010000F0B1
:1035C0009BFD03B05DF804FB07B541F21203022135
:1035D00001A8ADF8043000F08FFD03B05DF804FBE6
:1035E00038B5302383F31188174803680BB102F014
:1035F00099FC0023154A4FF47A71134802F088FCB5
:10360000002383F31188124C236813B12368013B14
:103610002360636813B16368013B63600D4D2B78D1
:1036200033B963687BB9022000F042FE3223636045
:103630002B78032B07D163682BB9022000F038FEEA
:103640004FF47A73636038BDCC220020E135010865
:10365000EC230020E4220020084B187003280CD82B
:10366000DFE800F008050208022000F019BE022081
:1036700000F00CBE024B00225A607047E42200208A
:10368000EC230020F8B500F0E3FF30B1524B0322E9
:103690001A700022514B5A60F8BD514B514A1C46DA
:1036A00019680131F8D004339342F9D162684E4B66
:1036B0009A42F1D94D4B9B6803F1006303F5003347
:1036C0009A42E9D2002000F053FD0220FFF7C4FF28
:1036D000474B0021D3F8E820C3F8E810D3F81021B5
:1036E000C3F81011D3F81021D3F8EC20C3F8EC1074
:1036F000D3F81421C3F81411D3F81421D3F8F0200F
:10370000C3F8F010D3F81821C3F81811D3F8182112
:10371000D3F8802042F00062C3F88020D3F88020E4
:1037200022F00062C3F88020D3F88020D3F88020F4
:1037300042F00072C3F88020D3F8802022F000729B
:10374000C3F88020D3F8803072B64FF0E023C3F87E
:10375000084DD4E90004BFF34F8FBFF36F8F254AA4
:10376000C2F88410BFF34F8F536923F48033536141
:10377000BFF34F8FD2F8803043F6E076C3F3C9052C
:10378000C3F34E335B0103EA060C29464CEA81770A
:103790000139C2F87472F9D2203B13F1200FF2D133
:1037A000BFF34F8FBFF36F8FBFF34F8FBFF36F8F99
:1037B000536923F4003353610023C2F85032BFF33E
:1037C0004F8FBFF36F8F302383F31188854680F3CB
:1037D0000888204760E700BFE4220020EC23002097
:1037E0000000020820000208FFFF0108002200205C
:1037F0000044025800ED00E02DE9F04FDDB0A64B8B
:1038000020220021029014A89E6800F091FD4FF440
:10381000807200211CA800F08BFD2022FF210CA843
:1038200000F086FD9D4A1378A3B901219C481170D0
:103830000360302383F3118803680BB102F072FB3D
:103840000023984A4FF47A71954802F061FB0023F7
:1038500083F31188029B13B1934B029A1A60934A27
:103860001378032B03D0002313708F4A5360002773
:103870000123029DB9463C46BA46CDE900370120F6
:1038800000F00EFD25B1884B1B68002B00F02F8245
:10389000002000F013FC0490049B002BF2DB0120BD
:1038A00000F0F4FC049B213B252BE8D801A252F840
:1038B00023F000BF4D390108753901080F3A01089E
:1038C0007F3801087F3801087F380108BD3A0108B8
:1038D000613C01087F3B0108DF3B0108053C010812
:1038E0002B3C01087F3801083D3C01087F38010866
:1038F000AD3C0108F33901087F380108F53C0108A7
:1039000059390108F33901087F380108DF3B010804
:103910007F3801087F3801087F3801087F380108A7
:103920007F3801087F3801087F3801087F38010897
:103930000F3A0108433D01081B3F0108A33F01085E
:103940001F3E0108673E0108B33E01080220FFF751
:103950001BFE002840F06A83DDE90123002A08BF2E
:103960001D4641F21233022106A8ADF8183000F0CE
:10397000C3FB84E74FF47A7000F0A0FBB0F10008BD
:10398000EADB0220FFF700FE0028E5D008F1FF384F
:10399000B8F1050F00F25083DFE808F0030A0D10BC
:1039A00013360623042106A8069300F0A5FB17E0B2
:1039B00004213948F9E704213D48F6E704213D4850
:1039C000F3E74FF01C0A50460AF1040A00F0D2FB5C
:1039D0000421069006A800F08FFBBAF12C0FF2D15B
:1039E00001204FF0000A00FA08F848EA09085FFAD7
:1039F00088F900F0E9FC24B109F00B030B2B08BF98
:103A00000025FFF7E1FD3AE704212B48CDE7002C24
:103A1000A2D009F00B030B2B9ED10220FFF7B4FDBF
:103A20008046002898D00120002400F0A1FB02204D
:103A3000FFF712FE1FFA84FB584600F0A9FB05466B
:103A400088B1049958460134A1F1400359425941C3
:103A500000F0AEFB0028EDD144460546CDF80480C9
:103A600041F212137FE72E460120FFF7F5FD0A4BC6
:103A70009B68B34207D9304600F07CFB013040F030
:103A8000DE820436F3E70026084BCDF804801E7072
:103A9000054B5E604446ACE700220020E82300208E
:103AA000CC220020E1350108EC230020E422002094
:103AB00004220020082200200C220020002C3FF4C9
:103AC0004BAF09F00B030B2B7FF446AF0220FFF73F
:103AD000C3FD322000F0F2FAB0F10008FFF63CAF6F
:103AE00018F0030B7FF438AFB94A08EB060392686D
:103AF00093423FF631AFB8F5807F3FF72DAFB54B1E
:103B0000C34503930FDA4FF47A7000F0D7FA0490AC
:103B1000049A002AFFF620AF049A0BF1010B039BD5
:103B200003F8012BECE7C820FFF72EFD83460028A1
:103B30003FF412AF1F2E11D8C6F120020CAB26F0B5
:103B40000300A4494245184428BF4246039200F0AE
:103B5000C9FB039AFF219F4800F0EAFB4FEAA80344
:103B6000C8F387029B493046039300F0E9FB044603
:103B7000002800F06882039B06EB830639E70220E9
:103B8000FFF702FD00283FF4E7AE00F02FFB00280E
:103B90003FF4E2AE4FF00008C3468D4A0CAB92688A
:103BA000424518D9B8F11F0F10D81A6801320DD04C
:103BB0004FEA980253F8222006925846042206A99A
:103BC00008F1040800F0C2FC8346E6E7404600F036
:103BD000D1FA0690F1E75846FFF7ECFC09E700231D
:103BE000642106A8069300F07DFA00287FF4B4AEA5
:103BF0000220FFF7C9FC00283FF4AEAE069800F0A3
:103C0000EBFAE9E70023642106A8069300F06AFABC
:103C100000287FF4A1AE0220FFF7B6FC00283FF495
:103C20009BAE069800F0DAFAD6E70220FFF7ACFC6C
:103C300000283FF491AE00F0E9FACDE70220FFF74B
:103C4000A3FC00283FF488AE06A9142000F0E4FA93
:103C50000390FFF7AFFC039906A800F04DFAC8E601
:103C6000322000F02BFAB0F10008FFF675AE18F024
:103C7000030F7FF471AE564A08EB0A039268934231
:103C80003FF66AAE0220FFF77FFC00283FF464AEE7
:103C900028F00308D044C2453FF4ABAE50460AF1C9
:103CA000040A00F067FAFFF785FCF4E74FF47A7036
:103CB000FFF76AFC00283FF44FAE00F097FA0028A7
:103CC0003FF4CEAE0C9B01330CD008220CA900208F
:103CD00000F036FB00283FF4C3AE2022FF210CA8E1
:103CE00000F026FBFFF770FC3B4802F055F85DB092
:103CF000BDE8F08F002C3FF42FAE09F00B030B2B27
:103D00007FF42AAE0023642106A8069300F0EAF9A6
:103D1000804600287FF420AE0220FFF735FC834662
:103D200000283FF419AEFFF74FFC41F2883002F053
:103D300033F8069800F092FB5C46454600F044FBE1
:103D40009DE5002C3FF408AE09F00B030B2B7FF42C
:103D500003AE0220FFF780FC322000F0AFF9B0F193
:103D6000000803DA0120FFF717FC88E518F0030BC1
:103D700001D00220F7E7B8F5807F0BDD0320F2E7E2
:103D8000049A0BF1010BDA550137BFB2B7F5807F0A
:103D900028BF0027C3450ADA4FF47A7000F08EF985
:103DA0000490049A1CAB002AEADA0420DBE7C8205E
:103DB000FFF7EAFB804608B93720D4E7009B002BC9
:103DC00040F0368100F012FA044638B94446C3E5A3
:103DD00000220020E8220020A0860100009B06A807
:103DE000CDE90633CDE90833CDE90A3300F0FCFC18
:103DF00000287FF435AE14A906A800F0AFFC002817
:103E00007FF42EAE202314AA4FF480711CA800F07A
:103E1000D3FB00287FF424AE07460094E9E5022096
:103E2000FFF7B2FB00283FF497AD00F0DFF9002860
:103E30003FF492AD002306A8CDE90633CDE908335F
:103E4000CDE90A3300F0D0FC8046FFF7B3FBB8F1B0
:103E5000000F7FF4CEAD0798FFF7ACFB0A98FFF791
:103E6000A9FB0898B8E60220FFF78EFB00283FF474
:103E700073AD00F0BBF900283FF46EAD002306A837
:103E8000CDE90633CDE90833CDE90A3300F0ACFCC7
:103E900000287FF4E5AD14A906A800F05FFC804679
:103EA000FFF788FBB8F1000F7FF4A3AD202114A821
:103EB000D3E60220FFF768FB00283FF44DAD00F089
:103EC00095F900283FF448AD80211CA800F014F9B2
:103ED0003CA8802100F010F9002306A8CDE90633A4
:103EE000CDE90833CDE90A3300F07EFC00287FF4E9
:103EF000B7AD14A906A800F031FC00287FF4B0ADDE
:103F0000202314AA4FF480711CA800F055FB8046B2
:103F10006320FFF74FFB40465EE6002C3FF41CADEC
:103F200009F00B030B2B7FF417AD0220FFF794FB76
:103F3000322000F0C3F820287FF40EADDFF80CB17A
:103F40004FF000084FF47A7000F0B8F80490049B2A
:103F5000002BFFF601AD08F10108049BB8F1200F1A
:103F60000BF8013BEED1C820FFF70EFB804600287E
:103F70003FF4F2AC002306A8069300F017FC08B942
:103F800044466DE5314C034604F1200C22460833CB
:103F900003CA624543F8080C43F8041C1446F5D1E3
:103FA00078E5002C3FF4D8AC09F00B030B2B7FF421
:103FB000D3AC0220FFF750FB322000F07FF820281E
:103FC0007FF4CAACDFF884B04FF000084FF47A7089
:103FD00000F074F80490049B002BFFF6BDAC08F1D0
:103FE0000108049BB8F1200F0BF8013BEED1C8206B
:103FF000FFF7CAFA804600283FF4AEAC002305A9BB
:1040000006A8CDE9053300F025FC0028B8D00F4CF8
:10401000034604F1200C2246083303CA624543F8E4
:10402000080C43F8041C1446F5D133E50446E0E4DB
:104030000023009C0093DCE44FF0000A8CE444462B
:10404000CDF804800CE55C460AE500BFE8220020BC
:104050002DE9F84F4FF47A7306460D46002402FB13
:1040600003F7DFF85080DFF8509098F900305FFADE
:1040700084FA5A1C01D0A34212D159F824002A46CE
:1040800031460368D3F820B03B46D847854207D174
:10409000074B012083F800A0BDE8F88F0124E4E776
:1040A000002CFBD04FF4FA7001F076FE0020F3E70D
:1040B000382400201022002014220020002307B5FD
:1040C000024601210DF107008DF80730FFF7C0FF10
:1040D00020B19DF8070003B05DF804FB4FF0FF30FE
:1040E000F9E700000A46042108B5FFF7B1FF80F0A8
:1040F0000100C0B2404208BD074B0A4630B41978EF
:10410000064B53F82140014623682046DD69044BE5
:10411000AC4630BC604700BF382400201422002089
:10412000A086010070B5104C0025104E02F058F921
:1041300020803068238883420CD8002520880138ED
:1041400002F04AF923880544013BB5F5802F23800E
:10415000F4D370BD02F040F9336805440133B5F57E
:10416000003F3360E5D3E8E73A240020F423002041
:1041700002F004BA00F1006000F5003000687047FA
:1041800000F10060920000F5003002F085B90000F7
:10419000054B1A68054B1B889B1A834202D91044B1
:1041A00002F01AB900207047F42300203A240020BE
:1041B00038B50446074D29B128682044BDE8384089
:1041C00002F022B92868204402F00CF90028F3D04C
:1041D00038BD00BFF42300200020704700F1FF50DD
:1041E00000F58F10D0F8000870470000064991F8DC
:1041F000243033B100230822086A81F82430FFF705
:10420000BFBF0120704700BFF8230020014B186892
:10421000704700BF0010005C194B013803220844AE
:1042200070B51D68174BC5F30B042D0C1E88A642F4
:104230000BD15C680A46013C824213460FD214F946
:10424000016F4EB102F8016BF6E7013A03F1080382
:10425000ECD181420B4602D22C2203F8012B04241C
:10426000094A1688AE4204D1984284BF967803F872
:10427000016B013C02F10402F3D1581A70BD00BF7A
:104280000010005C1C220020D88C0108022803D1F9
:10429000024B4FF400229A61704700BF0010025891
:1042A000022802D1014B08229A617047001002587F
:1042B000022804D1024A536983F00803536170470E
:1042C0000010025870B504464FF47A764CB1412C78
:1042D000254628BF412506FB05F0641B01F05CFD67
:1042E000F4E770BD002310B5934203D0CC5CC454F6
:1042F0000133F9E710BD0000013810B510F9013F96
:104300003BB191F900409C4203D11AB10131013A0D
:10431000F4E71AB191F90020981A10BD1046FCE795
:1043200003460246D01A12F9011B0029FAD1704740
:1043300002440346934202D003F8011BFAE7704798
:104340002DE9F8431F4D14460746884695F824206A
:1043500052BBDFF870909CB395F824302BB9202223
:10436000FF2148462F62FFF7E3FF95F824004146FE
:10437000C0F1080205EB8000A24228BF2246D6B257
:104380009200FFF7AFFF95F82430A41B17441E449A
:104390009044E4B2F6B2082E85F82460DBD1FFF732
:1043A00025FF0028D7D108E02B6A03EB8203834264
:1043B000CFD0FFF71BFF0028CBD10020BDE8F8834A
:1043C0000120FBE7F8230020024B1A78024B1A70F9
:1043D000704700BF382400201022002038B51A4C46
:1043E0001A4D204601F008F82946204601F030F821
:1043F0002D684FF47A70D5F89020D2F8043843F045
:104400000203C2F80438FFF75DFF1149284601F0A6
:104410002DF9D5F890200F4DD2F80438286823F0F4
:1044200002030D49A042C2F804384FF4E1330B6097
:1044300001D000F03FFF6868A04204D00649BDE803
:10444000384000F037BF38BDA02B0020F48E0108A3
:10445000FC8E010814220020202400200C4B70B593
:104460000C4D04461E780C4B55F826209A420DD070
:104470000A4B002118221846FFF75AFF0460014634
:1044800055F82600BDE8704000F014BF70BD00BFB5
:104490003824002014220020A02B002020240020FB
:1044A000F0B5A1B071B600230120002480261A4681
:1044B000194600F0D7FB4FF4D067214A3D25136918
:1044C00023BBD2F810310BBB036804F10061996083
:1044D0000368C3F80CD003685E6003681F6001685E
:1044E0000B6843F001030B6001680B6823F01E03A7
:1044F0000B6001680B68DB07FCD4037B80344168E8
:1045000005FA03F3B4F5001F0B60D8D100F0EAFB05
:10451000B4F5001F11D000240A4E0B4D012002F00B
:104520002DF83388A34205D928682044013401F0CE
:104530006BFFF6E7002002F021F861B621B0F0BD74
:10454000002000523A240020F423002030B50A4411
:10455000084D91420DD011F8013B5840082340F31B
:104560000004013B2C4013F0FF0384EA5000F6D115
:10457000EFE730BD2083B8ED70B50024CAB00D4E12
:1045800040F272354FF49172214601A80094FFF772
:10459000CFFE4FF493726946301903F069FE30B9CB
:1045A00004F59374AC42F4D101204AB070BD0020F0
:1045B000FBE700BF080300082DE9F043ADF58D5D72
:1045C00007468846114683B01A4600231F4D01A8AE
:1045D000029305F2723903604FF4CF7303A8F6F724
:1045E00045FB0646002113A8EDF7F4F9044608BB85
:1045F00002904FF4937313AA02A92846F5F794FD8D
:104600000446F8B913AB01AA41463846EDF79EFAC5
:10461000031E15DB9E4213D1324603A8019901AB5C
:1046200003F026FE70B105F5937513A8EDF7D6F9E2
:104630004D45D7D120460DF58D5D03B0BDE8F08323
:104640004FF0FF3413A8EDF7C9F9F3E708030008AA
:10465000F7B53B4A6B46106851686A4603C30823A6
:104660003849394803F014FE0446002837D10A259A
:10467000FFF782FF002859D0344A6B461068516812
:104680006A4603C3082332492F4803F001FE04465B
:1046900000284BD00369B3F5F01F47D8B0F85A1083
:1046A00040F2F532914241D12A4A024402F15001CE
:1046B0008B423BD3503B244900209E1AFFF746FF14
:1046C00004F15801074632460020FFF73FFFA36878
:1046D0009F422BD1E368984208BF002526E003697A
:1046E000B3F5F01F29D8B0F8661140F2F5329142C7
:1046F00021D1184A024402F5AE718B4219D3A3F5B9
:10470000AE73114900209D1AFFF720FF04F5B27126
:1047100006462A460020FFF719FFA3689E4202D1F1
:10472000E368984201D00D25A2E70025284603B092
:10473000F0BD10259CE70C259AE70B2598E700BFF4
:10474000E88C010890FE1D0000000208F18C0108B1
:104750009CFF1D000800FEF70020704770B59EB05A
:1047600005460E460DF10F0424F00F042046ECF729
:104770005FFBA8B92046D5E90021ECF715FA2046E1
:10478000D5E90321ECF710FA31462046ECF7AEFAF2
:10479000054640B92046ECF77DFB28461EB070BDAB
:1047A0006FF00205F9E76FF00405F6E707B50B4A6D
:1047B0006B46106851686A4603C3082308490948D4
:1047C00003F066FD30B10369B3F5F01F94BF00F547
:1047D0009270002003B05DF804FB00BFE88C010874
:1047E00090FE1D0000000208164A73B55168044689
:1047F0006B461068144D6A4603C3082313492846C4
:1048000003F046FDB8B1124A00F5B27103690244E3
:1048100002F5AE769E4211D8A3F5AE73C4E9002529
:104820009B1A4FF4AE75C4E90331A56003690020FB
:10483000636102B070BD6FF00900FAE76FF00F001E
:10484000F7E700BFE88C01080000020890FE1D0099
:104850000800FEF707B50B4A6B46106851686A46B8
:1048600003C308230849094803F012FD30B1036966
:10487000B3F5F01F94BF00F5A270002003B05DF8FF
:1048800004FB00BFE88C010890FE1D000000020838
:1048900008B5074B074A196801F03D019960536854
:1048A0000BB190689847BDE8084001F0EFBF00BF2A
:1048B000000002403C24002008B5084B1968890913
:1048C00001F03D018A019A60054AD3680BB1106975
:1048D0009847BDE8084001F0D9BF00BF0000024082
:1048E0003C24002008B5084B1968090C01F03D0173
:1048F0000A049A60054A53690BB190699847BDE86C
:10490000084001F0C3BF00BF000002403C2400206B
:1049100008B5084B1968890D01F03D018A059A60B8
:10492000054AD3690BB1106A9847BDE8084001F009
:10493000ADBF00BF000002403C24002008B5074B7B
:10494000074A596801F03D01D960536A0BB1906A7A
:104950009847BDE8084001F099BF00BF0000024041
:104960003C24002008B5084B5968890901F03D0135
:104970008A01DA60054AD36A0BB1106B9847BDE82B
:10498000084001F083BF00BF000002403C2400202B
:1049900008B5084B5968090C01F03D010A04DA60BA
:1049A000054A536B0BB1906B9847BDE8084001F086
:1049B0006DBF00BF000002403C24002008B5084B3A
:1049C0005968890D01F03D018A05DA60054AD36B0B
:1049D0000BB1106C9847BDE8084001F057BF00BF0D
:1049E000000002403C24002008B5074B074A196824
:1049F00001F03D019960536C0BB1906C9847BDE894
:104A0000084001F043BF00BF000402403C240020E6
:104A100008B5084B1968890901F03D018A019A60BF
:104A2000054AD36C0BB1106D9847BDE8084001F002
:104A30002DBF00BF000402403C24002008B5084BF5
:104A40001968090C01F03D010A049A60054A536D8A
:104A50000BB1906D9847BDE8084001F017BF00BF4B
:104A6000000402403C24002008B5084B1968890D59
:104A700001F03D018A059A60054AD36D0BB1106EB5
:104A80009847BDE8084001F001BF00BF00040240A4
:104A90003C24002008B5074B074A596801F03D0146
:104AA000D960536E0BB1906E9847BDE8084001F095
:104AB000EDBE00BF000402403C24002008B5084BB6
:104AC0005968890901F03D018A01DA60054AD36E0F
:104AD0000BB1106F9847BDE8084001F0D7BE00BF8A
:104AE000000402403C24002008B5084B5968090C1A
:104AF00001F03D010A04DA60054A536F0BB1906F73
:104B00009847BDE8084001F0C1BE00BF0004024064
:104B10003C24002008B5084B5968890D01F03D017F
:104B20008A05DA60054AD36F13B1D2F8800098473E
:104B3000BDE8084001F0AABE000402403C24002069
:104B400000230C4910B51A460B4C0B6054F8230097
:104B5000026001EB430004334260402BF6D1074A68
:104B60004FF0FF339360D360C2F80834C2F80C34BE
:104B700010BD00BF3C240020FC8C01080000024056
:104B80000F28F8B510D9102810D0112811D01228EC
:104B900008D10F240720DFF8C8E00126DEF8005016
:104BA000A04208D9002653E00446F4E70F24002071
:104BB000F1E70724FBE706FA00F73D424AD1264C0D
:104BC0004FEA001C3D4304EB00160EEBC000CEF88C
:104BD0000050C0E90123FBB273B12048D0F8D830AF
:104BE00043F00103C0F8D830D0F8003143F001039E
:104BF000C0F80031D0F8003117F47F4F0ED01748BD
:104C0000D0F8D83043F00203C0F8D830D0F80031E3
:104C100043F00203C0F80031D0F8003154F80C0022
:104C2000036823F01F030360056815F00105FBD13D
:104C300004EB0C033D2493F80CC05F6804FA0CF4F9
:104C40003C6021240560446112B1987B00F066F954
:104C50003046F8BD0130A3E7FC8C0108004402583F
:104C60003C24002010B5302484F31188FFF788FF1E
:104C7000002383F3118810BD10B50446807B00F03B
:104C800063F901231549627B03FA02F20B6823EAF8
:104C90000203DAB20B6072B9114AD2F8D81021F0CF
:104CA0000101C2F8D810D2F8001121F00101C2F8B8
:104CB0000011D2F8002113F47F4F0ED1084BD3F826
:104CC000D82022F00202C3F8D820D3F8002122F025
:104CD0000202C3F80021D3F8003110BD3C240020AB
:104CE0000044025808B5302383F31188FFF7C4FF4E
:104CF000002383F3118808BD0268436811430160F3
:104D000003B1184770470000024A136843F0C0031C
:104D1000136070470078004013B50E4C204600F039
:104D2000BDFA04F1140000234FF400720A49009404
:104D300000F07AF9094B4FF40072094904F1380088
:104D4000009400F0F3F9074A074BC4E9172302B0B7
:104D500010BD00BFC02400202C250020094D0108F3
:104D60002C2700200078004000E1F505037C30B5D9
:104D7000244C002918BF0C46012B11D1224B98421C
:104D80000ED1224BD3F8E82042F08042C3F8E8204D
:104D9000D3F8102142F08042C3F81021D3F810312B
:104DA0002268036EC16D03EB52038466B3FBF2F31A
:104DB0006268150442BF23F0070503F0070343EAC6
:104DC0004503CB60A36843F040034B60E36843F0C6
:104DD00001038B6042F4967343F001030B604FF0C4
:104DE000FF330B62510505D512F0102205D0B2F148
:104DF000805F04D080F8643030BD7F23FAE73F2322
:104E0000F8E700BFFC8D0108C024002000440258D0
:104E10002DE9F047C66D05463768F469210734620D
:104E20001AD014F0080118BF4FF48071E20748BF90
:104E300041F02001A3074FF0300348BF41F040018B
:104E4000600748BF41F0800183F31188281DFFF7F8
:104E500053FF002383F31188E2050AD5302383F33F
:104E600011884FF48061281DFFF746FF002383F36C
:104E700011884FF030094FF0000A14F0200838D1A3
:104E80003B0616D54FF0300905F1380A200610D53B
:104E900089F31188504600F07DF9002836DA0821A0
:104EA000281DFFF729FF27F080033360002383F3D9
:104EB0001188790614D5620612D5302383F3118840
:104EC000D5E913239A4208D12B6C33B127F0400760
:104ED0001021281DFFF710FF3760002383F311888E
:104EE000E30618D5AA6E1369ABB15069BDE8F04767
:104EF000184789F31188736A284695F86410194099
:104F000000F0E6F98AF31188F469B6E7B06288F335
:104F10001188F469BAE7BDE8F0870000090100F1E3
:104F20006043012203F56143C9B283F8001300F026
:104F30001F039A4043099B0003F1604303F561435B
:104F4000C3F880211A60704700F01F0301229A40C5
:104F5000430900F160409B0000F5614003F16043AC
:104F600003F56143C3F88020C3F88021002380F853
:104F700000337047F8B51546826804460B46AA42CE
:104F800000D28568A1692669761AB5420BD2184607
:104F90002A46FFF7A7F9A3692B44A3612846A36813
:104FA0005B1BA360F8BD0CD9AF1B18463246FFF758
:104FB00099F93A46E1683044FFF794F9E3683B44D5
:104FC000EBE718462A46FFF78DF9E368E5E70000AE
:104FD00083689342F7B50446154600D28568D4E944
:104FE0000460361AB5420BD22A46FFF77BF9636993
:104FF0002B4463612846A3685B1BA36003B0F0BD2C
:105000000DD93246AF1B0191FFF76CF901993A4671
:10501000E0683144FFF766F9E3683B44E9E72A4674
:10502000FFF760F9E368E4E710B50A440024C361C0
:10503000029B8460C16002610362C0E90000C0E9B4
:10504000051110BD08B5D0E90532934201D182683F
:1050500082B98268013282605A1C42611970002153
:10506000D0E904329A4224BFC368436100F0B0FE25
:10507000002008BD4FF0FF30FBE7000070B5302383
:1050800004460E4683F31188A568A5B1A368A269FA
:10509000013BA360531CA36115782269934224BF8E
:1050A000E368A361E3690BB120469847002383F3CB
:1050B0001188284607E03146204600F079FE002896
:1050C000E2DA85F3118870BD2DE9F74F04460E46EC
:1050D00017469846D0F81C904FF0300A8AF3118892
:1050E0004FF0000B154665B12A4631462046FFF7C2
:1050F00041FF034660B94146204600F059FE0028B2
:10510000F1D0002383F31188781B03B0BDE8F08F42
:10511000B9F1000F03D001902046C847019B8BF3E3
:105120001188ED1A1E448AF31188DCE7C160C3615F
:10513000009B82600362C0E905111144C0E90000D0
:1051400001617047F8B504460D461646302383F3D7
:105150001188A768A7B1A368013BA36063695A1CC3
:1051600062611D70D4E904329A4224BFE36863612E
:10517000E3690BB120469847002080F3118807E0CF
:105180003146204600F014FE0028E2DA87F3118849
:10519000F8BD0000D0E9052310B59A4201D182681C
:1051A0007AB982680021013282605A1C82611C78BF
:1051B00003699A4224BFC368836100F009FE204658
:1051C00010BD4FF0FF30FBE72DE9F74F04460E46C8
:1051D00017469846D0F81C904FF0300A8AF3118891
:1051E0004FF0000B154665B12A4631462046FFF7C1
:1051F000EFFE034660B94146204600F0D9FD002885
:10520000F1D0002383F31188781B03B0BDE8F08F41
:10521000B9F1000F03D001902046C847019B8BF3E2
:105220001188ED1A1E448AF31188DCE7026843688E
:105230001143016003B11847704700001430FFF7B5
:1052400043BF00004FF0FF331430FFF73DBF0000B5
:105250003830FFF7B9BF00004FF0FF333830FFF7A9
:10526000B3BF00001430FFF709BF00004FF0FF315B
:105270001430FFF703BF00003830FFF763BF0000B2
:105280004FF0FF323830FFF75DBF0000012914BF37
:105290006FF0130000207047FFF73EBD044B036022
:1052A00000234360C0E9023301230374704700BF49
:1052B000148E010810B53023044683F31188FFF7DC
:1052C00055FD02230020237480F3118810BD0000D7
:1052D00038B5C36904460D461BB904210844FFF7DD
:1052E000A5FF294604F11400FFF7ACFE002806DAFA
:1052F000201D4FF40061BDE83840FFF797BF38BD6F
:10530000026843681143016003B118477047000009
:1053100013B5406B00F58054D4F8A4381A6811789E
:10532000042914D1017C022911D119790123128990
:105330008B4013420BD101A94C3002F097F9D4F8FD
:10534000A4480246019B2179206800F0DFF902B0F1
:1053500010BD0000143002F019B900004FF0FF3307
:10536000143002F013B900004C3002F0EBB9000029
:105370004FF0FF334C3002F0E5B90000143002F07A
:10538000E7B800004FF0FF31143002F0E1B8000040
:105390004C3002F0B7B900004FF0FF324C3002F051
:1053A000B1B900000020704710B500F58054D4F862
:1053B000A4381A681178042917D1017C022914D164
:1053C0005979012352898B4013420ED1143002F0D7
:1053D00079F8024648B1D4F8A4484FF44073617993
:1053E0002068BDE8104000F07FB910BD406BFFF7AA
:1053F000DBBF0000704700007FB5124B012504267B
:10540000044603600023057400F1840243602946CA
:10541000C0E902330C4B0290143001934FF44073F7
:10542000009602F02BF8094B04F69442294604F149
:105430004C000294CDE900634FF4407302F0F2F89F
:1054400004B070BD3C8E0108ED53010811530108F2
:105450000A68302383F311880B790B3342F8230059
:105460004B79133342F823008B7913B10B3342F895
:10547000230000F58053C3F8A4180223037400200E
:1054800080F311887047000038B5037F044613B1DC
:1054900090F85430ABB90125201D0221FFF730FFF1
:1054A00004F114006FF00101257700F09DFC04F178
:1054B0004C0084F854506FF00101BDE8384000F012
:1054C00093BC38BD10B5012104460430FFF718FF26
:1054D0000023237784F8543010BD000038B504460B
:1054E0000025143001F0E2FF04F14C00257702F0B2
:1054F000B1F8201D84F854500121FFF701FF204628
:10550000BDE83840FFF750BF90F8803003F06003EB
:10551000202B06D190F881200023212A03D81F2AAE
:1055200006D800207047222AFBD1C0E91D3303E0D2
:10553000034A426707228267C3670120704700BFA2
:105540003422002037B500F58055D5F8A4381A6804
:10555000117804291AD1017C022917D11979012364
:1055600012898B40134211D100F14C04204602F005
:1055700031F958B101A9204602F078F8D5F8A448CD
:105580000246019B2179206800F0C0F803B030BDCD
:1055900001F10B03F0B550F8236085B004460D46C9
:1055A000FEB1302383F3118804EB8507301D0821F9
:1055B000FFF7A6FEFB6806F14C005B691B681BB198
:1055C000019002F061F8019803A902F04FF8024639
:1055D00048B1039B2946204600F098F8002383F346
:1055E000118805B0F0BDFB685A691268002AF5D031
:1055F0001B8A013B1340F1D104F18002EAE700006D
:10560000133138B550F82140ECB1302383F31188C1
:1056100004F58053D3F8A4281368527903EB82036E
:10562000DB689B695D6845B104216018FFF768FE7F
:10563000294604F1140001F04FFF2046FFF7B4FEA5
:10564000002383F3118838BD7047000001F01CBAB5
:1056500001234022002110B5044600F8303BFEF73C
:1056600067FE0023C4E9013310BD000010B53023EC
:10567000044683F311882422416000210C30FEF798
:1056800057FE204601F022FA02230020237080F307
:10569000118810BD70B500EB8103054650690E46B8
:1056A0001446DA6018B110220021FEF741FEA0690D
:1056B00018B110220021FEF73BFE31462846BDE816
:1056C000704001F009BB000083682022002103F034
:1056D000011310B5044683601030FEF729FE204602
:1056E000BDE8104001F084BBF0B4012500EB81045B
:1056F00047898D40E4683D43A469458123600023C8
:10570000A2606360F0BC01F0A1BB0000F0B4012511
:1057100000EB810407898D40E4683D43646905819D
:1057200023600023A2606360F0BC01F017BC00009E
:1057300070B5022300250446242203702946C0F8D0
:1057400088500C3040F8045CFEF7F2FD204684F8E7
:10575000705001F055FA63681B6823B12946204652
:10576000BDE87040184770BD0378052B10B504469E
:105770000AD080F88C300523037043681B680BB196
:10578000042198470023A36010BD0000017805297B
:1057900006D190F88C20436802701B6803B118474B
:1057A0007047000070B590F87030044613B10023C4
:1057B00080F8703004F18002204601F03DFB636800
:1057C0009B68B3B994F8803013F0600535D00021A0
:1057D000204601F02FFE0021204601F01FFE6368E5
:1057E0001B6813B1062120469847062384F87030C1
:1057F00070BD204698470028E4D0B4F88630A26FE8
:105800009A4288BFA36794F98030A56F002B4FF0B0
:10581000300380F20381002D00F0F280092284F829
:10582000702083F3118800212046D4E91D23FFF75F
:105830006DFF002383F31188DAE794F8812003F0E9
:105840007F0343EA022340F20232934200F0C58014
:1058500021D8B3F5807F48D00DD8012B3FD0022B43
:1058600000F09380002BB2D104F18802626702221B
:10587000A267E367C1E7B3F5817F00F09B80B3F5D2
:10588000407FA4D194F88230012BA0D1B4F88830A5
:1058900043F0020332E0B3F5006F4DD017D8B3F5F3
:1058A000A06F31D0A3F5C063012B90D86368204668
:1058B00094F882205E6894F88310B4F88430B0477E
:1058C000002884D0436863670368A3671AE0B3F5D0
:1058D000106F36D040F6024293427FF478AF5C4BB3
:1058E00063670223A3670023C3E794F88230012B88
:1058F0007FF46DAFB4F8883023F00203A4F8883049
:10590000C4E91D55E56778E7B4F88030B3F5A06FBA
:105910000ED194F88230204684F88A3001F0CEF916
:1059200063681B6813B10121204698470323237045
:105930000023C4E91D339CE704F18B036367012353
:10594000C3E72378042B10D1302383F3118820463A
:10595000FFF7BAFE85F311880321636884F88B5042
:1059600021701B680BB12046984794F88230002BB9
:10597000DED084F88B300423237063681B68002B0F
:10598000D6D0022120469847D2E794F884302046AA
:105990001D0603F00F010AD501F040FA012804D0DA
:1059A00002287FF414AF2B4B9AE72B4B98E701F0BA
:1059B00027FAF3E794F88230002B7FF408AF94F8CD
:1059C000843013F00F01B3D01A06204602D501F03F
:1059D00049FDADE701F03AFDAAE794F88230002BCB
:1059E0007FF4F5AE94F8843013F00F01A0D01B06BD
:1059F000204602D501F01EFD9AE701F00FFD97E762
:105A0000142284F8702083F311882B462A462946F5
:105A10002046FFF769FE85F31188E9E65DB115229E
:105A200084F8702083F3118800212046D4E91D23D7
:105A3000FFF75AFEFDE60B2284F8702083F31188ED
:105A40002B462A4629462046FFF760FEE3E700BFC3
:105A50006C8E0108648E0108688E010838B590F8D4
:105A600070300446002B3ED0063BDAB20F2A34D801
:105A70000F2B32D8DFE803F03731310822323131D1
:105A80003131313131313737856FB0F886309D4251
:105A900014D2C3681B8AB5FBF3F203FB12556DB930
:105AA000302383F311882B462A462946FFF72EFE22
:105AB00085F311880A2384F870300EE0142384F8EB
:105AC0007030302383F31188002320461A4619468C
:105AD000FFF70AFE002383F3118838BDC36F03B1BB
:105AE00098470023E7E70021204601F0A3FC0021AE
:105AF000204601F093FC63681B6813B10621204621
:105B000098470623D7E7000010B590F87030044698
:105B1000142B29D017D8062B05D001D81BB110BDE6
:105B2000093B022BFBD80021204601F083FC002119
:105B3000204601F073FC63681B6813B10621204600
:105B40009847062319E0152BE9D10B2380F8703014
:105B5000302383F3118800231A461946FFF7D6FD38
:105B6000002383F31188DAE7C3689B695B68002B25
:105B7000D5D1C36F03B19847002384F87030CEE7C6
:105B800000238268037503691B6899689142FBD200
:105B90005A68036042601060586070470023826852
:105BA000037503691B6899689142FBD85A680360C2
:105BB000426010605860704708B50846302383F390
:105BC00011880A7D0023052A06D8DFE802F00B05BC
:105BD0000503120E826913604FF0FF338361FFF7F4
:105BE000CFFF002383F3118808BD826993680133D6
:105BF0009360D0E9003213605A60EDE7FFF7C0BF51
:105C0000054BD96808751868026853601A6001224C
:105C1000D8600275EAF7C4BD302900200C4B30B5BE
:105C2000DD684B1C87B004460FD02B46094A6846F6
:105C300000F06EF92046FFF7E3FF009B13B16846C2
:105C400000F070F9A86907B030BDFFF7D9FFF9E798
:105C500030290020B95B010838B50C4D044681613C
:105C6000EB6881689A68914203D8BDE83840FFF735
:105C700087BF1846FFF792FF01230146EC602046DC
:105C80002375BDE83840EAF78BBD00BF30290020FE
:105C9000044B1A68DB6890689B68984294BF0020A8
:105CA0000120704730290020084B10B51C68D868C7
:105CB000226853601A600122DC602275FFF76EFFD4
:105CC00001462046BDE81040EAF76ABD30290020B1
:105CD00038B50123084C00252370656001F0B6FD3E
:105CE00001F0DCFD0549064801F0B0FE02232370F7
:105CF00085F3118838BD00BF982B0020748E0108F1
:105D00003029002000F044B9034A516853685B1AF7
:105D10009842FBD8704700BF001000E08B60022360
:105D2000086108468B8270478368A3F1840243F8B8
:105D3000142C026943F8442C426943F8402C094A68
:105D400043F8242CC268A3F1200043F8182C022247
:105D500003F80C2C002203F80B2C034A43F8102CF8
:105D6000704700BFB90700083029002008B5FFF7C9
:105D7000DBFFBDE80840FFF741BF0000024BDB68D6
:105D800098610F20FFF73CBF30290020302383F3B8
:105D90001188FFF7F3BF000008B50146302383F3F5
:105DA00011880820FFF73AFF002383F3118808BD0C
:105DB000064BDB6839B1426818605A601360436073
:105DC0000420FFF72BBF4FF0FF3070473029002031
:105DD0000368984206D01A680260506018469961BC
:105DE000FFF70CBF7047000038B504460D46206829
:105DF000844200D138BD036823605C608561FFF791
:105E0000FDFEF4E7036810B59C68A2420CD85C68FC
:105E10008A600B604C602160596099688A1A9A60A8
:105E20004FF0FF33836010BD121B1B68ECE70000CE
:105E30000A2938BF0A2170B504460D460A266019A2
:105E400001F0FEFC01F0E6FC041BA54203D8751C22
:105E500004462E46F3E70A2E04D90120BDE870401F
:105E600001F034BE70BD0000F8B5144B0D460A2A8F
:105E70004FF00A07D96103F11001826038BF0A228E
:105E8000416019691446016048601861A81801F062
:105E9000C7FC01F0BFFC431B0646A34206D37C1C93
:105EA00028192746354601F0CBFCF2E70A2F04D922
:105EB0000120BDE8F84001F009BEF8BD30290020FE
:105EC000F8B506460D4601F0A5FC0F4A134653F8F7
:105ED000107F9F4206D12A4601463046BDE8F84071
:105EE000FFF7C2BFD169BB68441A2C1928BF2C46E2
:105EF000A34202D92946FFF79BFF224631460348B9
:105F0000BDE8F840FFF77EBF30290020402900207F
:105F1000C0E90323002310B45DF8044B4361FFF78D
:105F2000CFBF000010B5194C236998420DD081688D
:105F3000D0E9003213605A609A680A449A600023DC
:105F400003604FF0FF33A36110BD0268234643F89E
:105F5000102F53600022026022699A4203D1BDE8EB
:105F6000104001F067BC936881680B44936001F0B6
:105F700051FC2269E1699268441AA242E4D91144B1
:105F8000BDE81040091AFFF753BF00BF30290020B9
:105F90002DE9F047DFF8BC8008F110072C4ED8F847
:105FA000105001F037FCD8F81C40AA68031B9A4235
:105FB0003ED814444FF00009D5E90032C8F81C401F
:105FC00013605A60C5F80090D8F81030B34201D180
:105FD00001F030FC89F31188D5E903312846984750
:105FE000302383F311886B69002BD8D001F012FCA9
:105FF0006A69A0EB040982464A450DD2022001F0ED
:1060000065FD0022D8F81030B34208D15146284629
:10601000BDE8F047FFF728BF121A2244F2E712EB5F
:1060200009092946384638BF4A46FFF7EBFEB5E76F
:10603000D8F81030B34208D01444C8F81C00211A14
:10604000A960BDE8F047FFF7F3BEBDE8F08700BFE9
:1060500040290020302900204FF0FF307047000019
:106060000020704700207047FEE7000070470000E6
:106070004FF0FF307047000002290CD0032904D0F4
:106080000129074818BF00207047032A05D8054892
:1060900000EBC2007047044870470020704700BF03
:1060A000588F0108442200200C8F010870B59AB067
:1060B00005460846144601A900F0C2F801A8FEF7FB
:1060C0002FF9431C0022C6B25B001046C5E900341C
:1060D00023700323023404F8013C01ABD1B2023433
:1060E0008E4201D81AB070BD13F8011B013204F8BA
:1060F000010C04F8021CF1E708B5302383F3118882
:106100000348FFF71FFA002383F3118808BD00BF7F
:10611000A02B002090F8803003F01F02012A07D145
:1061200090F881200B2A03D10023C0E91D3315E02C
:1061300003F06003202B08D1B0F884302BB990F81D
:106140008120212A03D81F2A04D8FFF7DDB9222A8B
:10615000EBD0FAE7034A426707228267C367012050
:10616000704700BF3B22002007B5052917D8DFE89C
:1061700001F0191603191920302383F31188104AEE
:1061800001210190FFF786FA019802210D4AFFF7DD
:1061900081FA0D48FFF7A2F9002383F3118803B0B9
:1061A0005DF804FB302383F311880748FFF76CF98F
:1061B000F2E7302383F311880348FFF783F9EBE715
:1061C000AC8E0108D08E0108A02B002038B50C4DF4
:1061D0000C4C2A460C4904F10800FFF767FF05F153
:1061E000CA0204F110000949FFF760FF05F5CA7201
:1061F00004F118000649BDE83840FFF757BF00BF5B
:106200007844002044220020808E01088A8E0108F4
:10621000A08E010870B5044608460D46FEF780F8CA
:10622000C6B22046013403780BB9184670BD324619
:106230002946FEF761F80028F3D10120F6E70000B7
:106240002DE9F84F05460C46FEF76AF82C49C6B210
:106250002846FFF7DFFF08B10236F6B22949284683
:10626000FFF7D8FF08B11036F6B2632E0DD8DFF86D
:106270009080DFF89090244FDFF894A0DFF894B07E
:106280002E7846B92670BDE8F88F29462046BDE82D
:10629000F84F02F039B8252E2ED107224146284664
:1062A000FEF72AF870B9DBF800300735093444F8F6
:1062B000093CDBF8043044F8053C9BF8083004F84E
:1062C000013CDDE7082249462846FEF715F898B953
:1062D000A21C0E4B197802320909C95D02F8041C90
:1062E00013F8011B01F00F015345C95D02F8031CAF
:1062F000F0D118340835C3E7013504F8016BBFE766
:10630000788F0108A08E01088A8F010800E8F11F2C
:106310000CE8F11F808F0108BFF34F8F044B1A69FF
:106320005107FCD1D3F810215207F8D1704700BFB4
:106330000020005208B50D4B1B78ABB9FFF7ECFFFE
:106340000B4BDA68D10704D50A4A5A6002F1883249
:106350005A60D3F80C21D20706D5064AC3F80421A7
:1063600002F18832C3F8042108BD00BFD6460020E0
:10637000002000522301674508B5114B1B78F3B983
:10638000104B1A69510703D5DA6842F04002DA600F
:10639000D3F81021520705D5D3F80C2142F0400262
:1063A000C3F80C21FFF7B8FF064BDA6842F0010290
:1063B000DA60D3F80C2142F00102C3F80C2108BDC9
:1063C000D6460020002000520F289ABF00F58060BA
:1063D00040040020704700004FF400307047000078
:1063E000102070470F2808B50BD8FFF7EDFF00F518
:1063F00000330268013204D104308342F9D1012014
:1064000008BD0020FCE700000F2838B505463FD83E
:10641000FFF782FF1F4CFFF78DFF4FF0FF33072878
:106420006361C4F814311DD82361FFF775FF0302BF
:1064300043F02403E360E36843F08003E3602369EF
:106440005A07FCD42846FFF767FFFFF7BDFF4FF45C
:10645000003100F0BBF92846FFF78EFFBDE8384059
:10646000FFF7C0BFC4F81031FFF756FFA0F10803D3
:106470001B0243F02403C4F80C31D4F80C3143F070
:106480008003C4F80C31D4F810315B07FBD4D9E792
:10649000002038BD002000522DE9F84F05460C467B
:1064A000104645EA0203DE0602D00020BDE8F88F60
:1064B00020F01F00DFF8BCB0DFF8BCA0FFF73AFF08
:1064C00004EB0008444503D10120FFF755FFEDE739
:1064D00020222946204601F0CBFE10B92035203479
:1064E000F0E72B4605F120021F68791CDDD104334B
:1064F0009A42F9D105F178431B481C4EB3F5801F31
:106500001B4B38BF184603F1F80332BFD946D146BA
:106510001E46FFF701FF0760A5EB040C336804F18A
:106520001C0143F002033360231FD9F8007017F0F9
:106530000507FAD153F8042F8B424CF80320F4D10D
:10654000BFF34F8FFFF7E8FE4FF0FF3320222146C5
:1065500003602846336823F00203336001F088FEAD
:106560000028BBD03846B0E7142100520C2000525E
:1065700014200052102000521021005210B5084C77
:10658000237828B11BB9FFF7D5FE0123237010BD76
:10659000002BFCD02070BDE81040FFF7EDBE00BF1F
:1065A000D64600202DE9F04F0D4685B0814658B102
:1065B00011F00D0614BF2022082211F008030193E8
:1065C00004D0431E03426AD0002435E0002E37D0A9
:1065D00009F11F0121F01F094FF00108324F05F0AA
:1065E0000403DFF8D0A005EA080BBBF1000F32D09E
:1065F0007869C0072FD408F101080C37B8F1060FED
:10660000F3D19EB9294D4946A819019201F068F9C4
:10661000044600283AD11836019A782EF3D149461B
:1066200001F05EF90446002830D1019A494620481D
:1066300001F056F9044668BB204605B0BDE8F08F6E
:106640000029C9D101462846029201F049F90446C1
:10665000E0B9029AC0E713B178694107CBD5AC071E
:1066600002D578698007C6D5019911B1786901070B
:10667000C1D51820494600FB08A0CDE9022301F04E
:106680002FF90446DDE902230028B4D04A46002150
:10669000204601E04A460021FDF74AFECCE70246CB
:1066A000002E95D198E700BF9C8F01080847002075
:1066B000D8460020F04600200021FFF773BF0000FD
:1066C0000121FFF76FBF0000F8B5144D0124182712
:1066D000134E40F2FF3200210120FDF729FE07FB97
:1066E000046001342A6955F80C1F01F0E5F8062C06
:1066F000F5D137254FF4C0542046FFF7E1FF01469E
:1067000028B122460748BDE8F84001F0D5B8C4EBEF
:10671000C404013D4FEAD404EED1F8BD9C8F0108BA
:10672000F0460020D846002008B101F04BB9704770
:106730000244074BD2B210B5904200D110BD441CA8
:1067400000B253F8200041F8040BE0B2F4E700BFB8
:10675000504000580E4B30B51C6F240405D41C6FFC
:106760001C671C6F44F400441C670A4C02442368F5
:10677000D2B243F480732360074B904200D130BD06
:10678000441C51F8045B00B243F82050E0B2F4E737
:1067900000440258004802585040005807B50122F2
:1067A00001A90020FFF7C4FF019803B05DF804FBC6
:1067B00013B50446FFF7F2FFA04205D0012201A95C
:1067C00000200194FFF7C6FF02B010BD0144BFF3E3
:1067D0004F8F064B884204D3BFF34F8FBFF36F8FA9
:1067E0007047C3F85C022030F4E700BF00ED00E022
:1067F000034B1A681AB9034AD2F8D0241A607047BA
:10680000804700200040025808B5FFF7F1FF024B17
:106810001868C0F3806008BD80470020EFF309834B
:10682000054968334A6B22F001024A6383F3098801
:10683000002383F31188704700EF00E0302080F3DD
:10684000118862B60D4B0E4AD96821F4E061090443
:10685000090C0A430B49DA60D3F8FC2042F080723D
:10686000C3F8FC20084AC2F8B01F116841F00101CA
:1068700011602022DA7783F82200704700ED00E0F3
:106880000003FA0555CEACC5001000E0302310B56A
:1068900083F311880E4B5B6813F4006314D0F1EEA0
:1068A000103AEFF309844FF08073683CE361094BC1
:1068B000DB6B236684F30988FFF7EAF910B1064B16
:1068C000A36110BD054BFBE783F31188F9E700BF17
:1068D00000ED00E000EF00E0CB070008CE07000865
:1068E00070B5BFF34F8FBFF36F8F1A4A0021C2F804
:1068F0005012BFF34F8FBFF36F8F536943F40033D0
:106900005361BFF34F8FBFF36F8FC2F88410BFF393
:106910004F8FD2F8803043F6E074C3F3C900C3F35D
:106920004E335B0103EA0406014646EA81750139EC
:10693000C2F86052F9D2203B13F1200FF2D1BFF31D
:106940004F8F536943F480335361BFF34F8FBFF3CD
:106950006F8F70BD00ED00E0FEE70000214B224884
:10696000224A70B5904237D3214BC11EDA1C121A4D
:1069700022F003028B4238BF00220021FDF7D8FC31
:106980001C4A0023C2F88430BFF34F8FD2F8803006
:1069900043F6E074C3F3C900C3F34E335B0103EA6B
:1069A0000406014646EA81750139C2F86C52F9D2F3
:1069B000203B13F1200FF2D1BFF34F8FBFF36F8F46
:1069C000BFF34F8FBFF36F8F0023C2F85032BFF376
:1069D0004F8FBFF36F8F70BD53F8041B40F8041B3B
:1069E000C0E700BF70950108784900207849002071
:1069F0007849002000ED00E0074BD3F8D81021EAD9
:106A00000001C3F8D810D3F8002122EA0002C3F82D
:106A10000021D3F8003170470044025870B5D0E926
:106A2000244300224FF0FF359E6804EB42135101CE
:106A3000D3F80009002805DAD3F8000940F08040B7
:106A4000C3F80009D3F8000B002805DAD3F8000BCF
:106A500040F08040C3F8000B013263189642C3F83F
:106A60000859C3F8085BE0D24FF00113C4F81C3892
:106A700070BD0000890141F02001016103699B069E
:106A8000FCD41220FFF740B910B50A4C2046FEF79F
:106A9000DFFD094BC4F89030084BC4F89430084C23
:106AA0002046FEF7D5FD074BC4F89030064BC4F8DE
:106AB000943010BD84470020000008400890010871
:106AC00020480020000004401490010870B50378AD
:106AD0000546012B5CD1434BD0F89040984258D1E9
:106AE000414B0E216520D3F8D82042F00062C3F854
:106AF000D820D3F8002142F00062C3F80021D3F877
:106B00000021D3F8802042F00062C3F88020D3F83F
:106B1000802022F00062C3F88020D3F88030FEF796
:106B2000FDF9324BE360324BC4F800380023D5F84E
:106B30009060C4F8003EC02323604FF40413A363A5
:106B40003369002BFCDA01230C203361FFF7DCF8FA
:106B50003369DB07FCD41220FFF7D6F83369002B2A
:106B6000FCDA00262846A660FFF758FF6B68C4F8D9
:106B70001068DB68C4F81468C4F81C6883BB1D4B3C
:106B8000A3614FF0FF336361A36843F00103A36087
:106B900070BD194B9842C9D1134B4FF08060D3F8A8
:106BA000D82042F00072C3F8D820D3F8002142F078
:106BB0000072C3F80021D3F80021D3F8802042F0FE
:106BC0000072C3F88020D3F8802022F00072C3F84E
:106BD0008020D3F88030FFF70FFF0E214D209EE775
:106BE000064BCDE784470020004402584014004083
:106BF00003002002003C30C020480020083C30C088
:106C0000F8B5D0F89040054600214FF000662046C8
:106C1000FFF730FFD5F8941000234FF001128F6872
:106C20004FF0FF30C4F83438C4F81C2804EB43128A
:106C300001339F42C2F80069C2F8006BC2F808092C
:106C4000C2F8080BF2D20B68D5F89020C5F898303E
:106C5000636210231361166916F01006FBD112202F
:106C6000FFF752F8D4F8003823F4FE63C4F8003874
:106C7000A36943F4402343F01003A3610923C4F83C
:106C80001038C4F814380B4BEB604FF0C043C4F815
:106C9000103B094BC4F8003BC4F81069C4F8003934
:106CA000D5F8983003F1100243F48013C5F898200A
:106CB000A362F8BDE48F010840800010D0F8902056
:106CC00090F88A10D2F8003823F4FE6343EA0113E7
:106CD000C2F80038704700002DE9F84300EB81034B
:106CE000D0F890500C468046DA680FFA81F94801D6
:106CF000166806F00306731E022B05EB41134FF0D6
:106D0000000194BFB604384EC3F8101B4FF00101C8
:106D100004F1100398BF06F1805601FA03F391695C
:106D200098BF06F5004600293AD0578A04F1580169
:106D3000374349016F50D5F81C180B430021C5F8A3
:106D40001C382B180127C3F81019A7405369611E7E
:106D50009BB3138A928B9B08012A88BF5343D8F8B0
:106D60009820981842EA034301F140022146C8F8EE
:106D70009800284605EB82025360FFF77BFE08EB84
:106D80008900C3681B8A43EA845348341E43640164
:106D90002E51D5F81C381F43C5F81C78BDE8F88380
:106DA00005EB4917D7F8001B21F40041C7F8001B79
:106DB000D5F81C1821EA0303C0E704F13F030B4A8E
:106DC0002846214605EB83035A60FFF753FE05EB87
:106DD0004910D0F8003923F40043C0F80039D5F841
:106DE0001C3823EA0707D7E70080001000040002E0
:106DF000D0F894201268C0F89820FFF70FBE00006A
:106E00005831D0F8903049015B5813F4004004D059
:106E100013F4001F0CBF0220012070474831D0F846
:106E2000903049015B5813F4004004D013F4001F64
:106E30000CBF02200120704700EB8101CB68196A6A
:106E40000B6813604B6853607047000000EB8103D0
:106E500030B5DD68AA691368D36019B9402B84BFC7
:106E6000402313606B8A1468D0F890201C4402EB16
:106E70004110013C09B2B4FBF3F46343033323F044
:106E8000030343EAC44343F0C043C0F8103B2B68FC
:106E900003F00303012B0ED1D2F8083802EB4110A6
:106EA00013F4807FD0F8003B14BF43F0805343F0CD
:106EB0000053C0F8003B02EB4112D2F8003B43F014
:106EC0000443C2F8003B30BD2DE9F041D0F890609A
:106ED00005460C4606EB4113D3F8087B3A07C3F886
:106EE000087B08D5D6F814381B0704D500EB8103BE
:106EF000DB685B689847FA071FD5D6F81438DB07BC
:106F00001BD505EB8403D968CCB98B69488A5A68CC
:106F1000B2FBF0F600FB16228AB91868DA689042D4
:106F20000DD2121AC3E90024302383F311882146BD
:106F30002846FFF78BFF84F31188BDE8F081012319
:106F400003FA04F26B8923EA02036B81CB68002BFE
:106F5000F3D021462846BDE8F041184700EB8103F5
:106F60004A0170B5DD68D0F890306C692668E6603B
:106F700056BB1A444FF40020C2F810092A6802F0E8
:106F80000302012A0AB20ED1D3F8080803EB421417
:106F900010F4807FD4F8000914BF40F0805040F016
:106FA0000050C4F8000903EB4212D2F8000940F087
:106FB0000440C2F800090122D3F8340802FA01F1B2
:106FC0000143C3F8341870BD19B9402E84BF402066
:106FD000206020681A442E8A8419013CB4FBF6F420
:106FE00040EAC44040F00050C6E700002DE9F843F5
:106FF000D0F8906005460C464F0106EB4113D3F8DC
:10700000088918F0010FC3F808891CD0D6F8103889
:10701000DB0718D500EB8103D3F80CC0DCF8143083
:10702000D3F800E0DA68964530D2A2EB0E024FF0BA
:1070300000091A60C3F80490302383F31188FFF726
:107040008DFF89F3118818F0800F1DD0D6F83438E1
:107050000126A640334217D005EB84030134D5F84E
:107060009050D3F80CC0E4B22F44DCF8142005EBA8
:107070000434D2F800E05168714514D3D5F834389F
:1070800023EA0606C5F83468BDE8F883012303FA4D
:1070900001F2038923EA02030381DCF80830002BA4
:1070A000D1D09847CFE7AEEB0103BCF81000834284
:1070B00028BF0346D7F8180980B2B3EB800FE3D896
:1070C0009068A0F1040959F8048FC4F80080A0EB7F
:1070D00009089844B8F1040FF5D818440B4490609F
:1070E0005360C8E72DE9F84FD0F8905004466E6918
:1070F000AB691E4016F480586E6103D0BDE8F84FAE
:10710000FEF716BB002E12DAD5F8003E9B0705D01D
:10711000D5F8003E23F00303C5F8003ED5F8043847
:10712000204623F00103C5F80438FEF72FFB37058E
:1071300005D52046FFF772FC2046FEF715FBB0048C
:107140000CD5D5F8083813F0060FEB6823F470530C
:107150000CBF43F4105343F4A053EB6031071BD52D
:107160006368DB681BB9AB6923F00803AB61237864
:10717000052B0CD1D5F8003E9A0705D0D5F8003E76
:1071800023F00303C5F8003E2046FEF7FFFA6368CC
:10719000DB680BB120469847F30200F1BA80B702D2
:1071A00026D5D4F8909000274FF0010A09EB47123A
:1071B000D2F8003B03F44023B3F5802F11D1D2F86D
:1071C000003B002B0DDA62890AFA07F322EA030377
:1071D000638104EB8703DB68DB6813B13946204623
:1071E00098470137D4F89430FFB29B689F42DDD9AD
:1071F000F00619D5D4F89000026AC2F30A1702F01B
:107200000F0302F4F012B2F5802F00F0CA80B2F53D
:10721000402F09D104EB8303002200F58050DB6886
:107220001B6A974240F0B0803003D5F8185835D526
:10723000E90303D500212046FFF746FEAA0303D544
:1072400001212046FFF740FE6B0303D502212046B3
:10725000FFF73AFE2F0303D503212046FFF734FE44
:10726000E80203D504212046FFF72EFEA90203D52C
:1072700005212046FFF728FE6A0203D50621204695
:10728000FFF722FE2B0203D507212046FFF71CFE45
:10729000EF0103D508212046FFF716FE700340F1E9
:1072A000A780E90703D500212046FFF79FFEAA0724
:1072B00003D501212046FFF799FE6B0703D5022174
:1072C0002046FFF793FE2F0703D503212046FFF743
:1072D0008DFEEE0603D504212046FFF787FEA806A3
:1072E00003D505212046FFF781FE690603D5062157
:1072F0002046FFF77BFE2A0603D507212046FFF72D
:1073000075FEEB0574D520460821BDE8F84FFFF760
:107310006DBED4F890904FF0000B4FF0010AD4F8F6
:1073200094305FFA8BF79B689F423FF638AF09EBCA
:107330004713D3F8002902F44022B2F5802F20D160
:10734000D3F80029002A1CDAD3F8002942F0904231
:10735000C3F80029D3F80029002AFBDB3946D4F80A
:107360009000FFF787FB22890AFA07F322EA03035A
:10737000238104EB8703DB689B6813B13946204601
:1073800098470BF1010BCAE7910701D1D0F80080B3
:10739000072A02F101029CBF03F8018B4FEA18286B
:1073A0003FE704EB830300F58050DA68D2F818C099
:1073B000DCF80820DCE9001CA1EB0C0C00218F425A
:1073C00008D1DB689B699A683A449A605A683A44E3
:1073D0005A6029E711F0030F01D1D0F800808C45E5
:1073E00001F1010184BF02F8018B4FEA1828E6E79A
:1073F000BDE8F88F08B50348FFF774FEBDE8084004
:10740000FFF744BA8447002008B50348FFF76AFE37
:10741000BDE80840FFF73ABA20480020D0F8903085
:1074200003EB4111D1F8003B43F40013C1F8003BDA
:1074300070470000D0F8903003EB4111D1F80039CB
:1074400043F40013C1F8003970470000D0F89030C1
:1074500003EB4111D1F8003B23F40013C1F8003BCA
:1074600070470000D0F8903003EB4111D1F800399B
:1074700023F40013C1F800397047000030B504331D
:10748000039C0172002104FB0325C160C0E906537F
:10749000049B0363059BC0E90000C0E90422C0E926
:1074A0000842C0E90A11436330BD00000022416A6E
:1074B000C260C0E90411C0E90A226FF00101FEF7C1
:1074C00093BC0000D0E90432934201D1C2680AB9EA
:1074D000181D704700207047036919600021C268B9
:1074E0000132C260C269134482699342036124BFBE
:1074F000436A0361FEF76CBC38B504460D46E36889
:107500003BB162690020131D1268A3621344E36259
:1075100007E0237A33B929462046FEF749FC0028C4
:10752000EDDA38BD6FF00100FBE70000C368C26907
:10753000013BC3604369134482699342436124BFA2
:10754000436A436100238362036B03B118477047AA
:1075500070B53023044683F31188866A3EB9FFF77D
:10756000CBFF054618B186F31188284670BDA36A83
:10757000E26A13F8015B9342A36202D32046FFF74D
:10758000D5FF002383F31188EFE700002DE9F84FC2
:1075900004460E46174698464FF0300989F3118885
:1075A0000025AA46D4F828B0BBF1000F09D1414606
:1075B0002046FFF7A1FF20B18BF311882846BDE8D4
:1075C000F88FD4E90A12A7EB050B521A934528BF8E
:1075D0009346BBF1400F1BD9334601F1400251F8ED
:1075E000040B914243F8040BF9D1A36A40364035AD
:1075F0004033A362D4E90A239A4202D32046FFF71C
:1076000095FF8AF31188BD42D8D289F31188C9E762
:1076100030465A46FCF766FEA36A5E445D445B440E
:10762000A362E7E710B5029C0433017203FB042157
:10763000C460C0E906130023C0E90A33039B036357
:10764000049BC0E90000C0E90422C0E9084243638A
:1076500010BD0000026A6FF00101C260426AC0E919
:1076600004220022C0E90A22FEF7BEBBD0E90423AF
:107670009A4201D1C26822B9184650F8043B0B6007
:10768000704700231846FAE7C3680021C269013336
:10769000C3604369134482699342436124BF436AD0
:1076A0004361FEF795BB000038B504460D46E3681C
:1076B0003BB1236900201A1DA262E2691344E36210
:1076C00007E0237A33B929462046FEF771FB0028EC
:1076D000EDDA38BD6FF00100FBE7000003691960C7
:1076E000C268013AC260C26913448269934203616D
:1076F00024BF436A036100238362036B03B118470D
:107700007047000070B530230D460446114683F3E0
:107710001188866A2EB9FFF7C7FF10B186F311886A
:1077200070BDA36A1D70A36AE26A01339342A3622B
:1077300004D3E16920460439FFF7D0FF002080F32D
:107740001188EDE72DE9F84F04460D46904699461D
:107750004FF0300A8AF311880026B346A76A4FB962
:1077600049462046FFF7A0FF20B187F31188304635
:10777000BDE8F88FD4E90A073A1AA8EB0607974242
:1077800028BF1746402F1BD905F1400355F8042B9D
:107790009D4240F8042BF9D1A36A40364033A362DE
:1077A000D4E90A239A4204D3E16920460439FFF759
:1077B00095FF8BF311884645D9D28AF31188CDE71E
:1077C00029463A46FCF78EFDA36A3D443E443B44BD
:1077D000A362E5E7D0E904239A4217D1C3689BB1BD
:1077E000836A8BB1043B9B1A0ED01360C368013BC4
:1077F000C360C3691A4483699A42026124BF436A21
:107800000361002383620123184670470023FBE7CE
:1078100000F060BA014B586A704700BF000C00408E
:10782000034B002258631A610222DA60704700BFDE
:10783000000C0040014B0022DA607047000C004051
:10784000014B5863704700BF000C0040024B034AD5
:107850001A60034A5A607047D448002078490020D3
:1078600000000220074B494210B55C68201A08400E
:107870001968821A8A4203D3A24201D85A6010BD05
:107880000020FCE7D448002008B5302383F311889A
:10789000FFF7E8FF002383F3118808BD04480121A6
:1078A000044B03600023C0E901330C3000F016B92B
:1078B000DC48002089780108CB1D083A23F0070333
:1078C000591A521A012110B4D2080024C0E9004309
:1078D00084600C301C605A605DF8044B00F0FEB808
:1078E0002DE9F84F364ECD1D0F46002818BF06462D
:1078F000082A4FEAD50538BF082206F10C08341DC6
:107900009146404600F006F909F10701C9F1000E61
:10791000224624686CB9404600F006F93368CBB3C0
:1079200008224946E8009847044698B340E90267B0
:1079300030E004EB010CD4F804A00CEA0E0C0AF1C0
:107940000100ACF1080304EBC0009842E0D9A0EBC1
:107950000C0CB5EBEC0F4FEAEC0BD9D89C421CD2C7
:1079600004F10802AB45A3EB02024FEAE2026260B7
:1079700009D9691CED43206803EBC1025D445560E1
:1079800043F8310022601C465F60404644F8086BB3
:1079900000F0CAF82046BDE8F88FAA45216802D158
:1079A00011602346EFE7013504EBC50344F83510B9
:1079B00003F10801401AC01058601360F1E700BFDE
:1079C000DC480020F8B550F8043C044650F8085C48
:1079D000A0F1080607332F1D0C35DB0840F8043CE6
:1079E000284600F097F83B469F421A6801D0B34200
:1079F00028D20AB1964225D244F8082C54F8042C17
:107A00001E60013254F8081C06EBC200814206D108
:107A10004868024444F8042C0A6844F8082C586862
:107A2000411C03EBC1018E4207D154F8042C0132F2
:107A300002445A6054F8082C1A602846BDE8F84001
:107A400000F072B81346CFE7FEE7000070B51B4B9D
:107A50000025044686B058600E4685620163FEF735
:107A6000EDFE04F11003A560E562C4E904334FF0B4
:107A7000FF33C4E90044C4E90635FFF7CBFE2B46CB
:107A8000024604F134012046C4E9082380230C4A4D
:107A90002565FEF743F901230A4AE0600092037569
:107AA000684672680192B268CDE90223064BCDE9BF
:107AB0000435FEF75BF906B070BD00BF982B0020BF
:107AC0002090010825900108497A0108024AD36AEA
:107AD0001843D062704700BF30290020C0E9000081
:107AE000816070478368013B002B10B583600CDA1E
:107AF000074BDC684368A061206063601C604460E1
:107B00000520FEF77DF8A06910BD0020FCE700BF4E
:107B10003029002008B5302383F31188FFF7E2FFF6
:107B2000002383F3118808BD08B5302383F311883F
:107B300083680133002B836007DC036800211A6827
:107B4000026050601846FEF787F8002383F311881F
:107B500008BD00004B6843608B688360CB68C360DE
:107B60000B6943614B6903628B6943620B68036075
:107B70007047000008B53C4B40F2FF713B48D3F81A
:107B800088200A43C3F88820D3F8882022F4FF62B3
:107B900022F00702C3F88820D3F88820D3F8E02029
:107BA0000A43C3F8E020D3F808210A43C3F80821A8
:107BB0002F4AD3F808311146FFF7CCFF00F580605B
:107BC00002F11C01FFF7C6FF00F5806002F13801E9
:107BD000FFF7C0FF00F5806002F15401FFF7BAFF24
:107BE00000F5806002F17001FFF7B4FF00F58060DE
:107BF00002F18C01FFF7AEFF00F5806002F1A801F1
:107C0000FFF7A8FF00F5806002F1C401FFF7A2FFB3
:107C100000F5806002F1E001FFF79CFF00F5806055
:107C200002F1FC01FFF796FF02F58C7100F5806010
:107C3000FFF790FF00F01AF90E4BD3F8902242F0B4
:107C40000102C3F89022D3F8942242F00102C3F853
:107C500094220522C3F898204FF06052C3F89C206C
:107C6000054AC3F8A02008BD00440258000002588D
:107C70002C90010800ED00E01F00080308B500F09B
:107C8000D7FAFEF725F8104BD3F8DC2042F040027B
:107C9000C3F8DC20D3F8042122F04002C3F8042109
:107CA000D3F80431094B1A6842F008021A601A68C6
:107CB00042F004021A60FEF79BFDFEF705FDBDE8E9
:107CC0000840FEF783BA00BF00440258001802487B
:107CD00070470000114BD3F8E82042F00802C3F8C7
:107CE000E820D3F8102142F00802C3F810210C4A12
:107CF000D3F81031D36B43F00803D363C722094B89
:107D00009A624FF0FF32DA6200229A615A63DA60B7
:107D10005A6001225A611A60704700BF004402583D
:107D20000010005C000C0040094A08B51169D368D6
:107D30000B40D9B29B076FEA0101116107D53023CF
:107D400083F31188FDF7DEFF002383F3118808BD5C
:107D5000000C0040064BD3F8DC200243C3F8DC20C3
:107D6000D3F804211043C3F80401D3F80431704759
:107D70000044025808B53C4B4FF0FF31D3F8802047
:107D800062F00042C3F88020D3F8802002F0004265
:107D9000C3F88020D3F88020D3F88420C3F884105F
:107DA000D3F884200022C3F88420D3F88400D86F4D
:107DB00040F0FF4040F4FF0040F4DF4040F07F001F
:107DC000D867D86F20F0FF4020F4FF0020F4DF4098
:107DD00020F07F00D867D86FD3F888006FEA405052
:107DE0006FEA5050C3F88800D3F88800C0F30A0047
:107DF000C3F88800D3F88800D3F89000C3F8901037
:107E0000D3F89000C3F89020D3F89000D3F89400F2
:107E1000C3F89410D3F89400C3F89420D3F89400D6
:107E2000D3F89800C3F89810D3F89800C3F89820B6
:107E3000D3F89800D3F88C00C3F88C10D3F88C00DA
:107E4000C3F88C20D3F88C00D3F89C00C3F89C10A6
:107E5000D3F89C10C3F89C20D3F89C30FCF770FE3C
:107E6000BDE8084000F0B8B90044025808B5012246
:107E7000534BC3F80821534BD3F8F42042F00202CD
:107E8000C3F8F420D3F81C2142F00202C3F81C21ED
:107E90000222D3F81C314C4BDA605A689104FCD5AD
:107EA0004A4A1A6001229A60494ADA6000221A613D
:107EB0004FF440429A61444B9A699204FCD51A6887
:107EC00042F480721A603F4B1A6F12F4407F04D064
:107ED0004FF480321A6700221A671A6842F00102D2
:107EE0001A60384B1A685007FCD500221A611A69CB
:107EF00012F03802FBD1012119604FF08041596026
:107F00005A67344ADA62344A1A611A6842F4803293
:107F10001A602C4B1A689103FCD51A6842F48052FF
:107F20001A601A689204FCD52C4A2D499A620022E4
:107F30005A63196301F57C01DA6301F2E711996371
:107F40005A64284A1A64284ADA621A6842F0A85227
:107F50001A601C4B1A6802F02852B2F1285FF9D15E
:107F600048229A614FF48862DA6140221A621F4AFD
:107F7000DA641F4A1A651F4A5A651F4A9A653223F6
:107F80001E4A1360136803F00F03022BFAD10D4A47
:107F9000136943F003031361136903F03803182BCB
:107FA000FAD14FF00050FFF7D5FE4FF08040FFF7B9
:107FB000D1FE4FF00040BDE80840FFF7CBBE00BF48
:107FC00000800051004402580048025800C000F0F0
:107FD000020000010000FF0100889008121020003C
:107FE00063020901470E0508DD0BBF0120000020D8
:107FF000000001100910E0000001011000200052F3
:108000004FF0B04208B5D2F8883003F00103C2F84F
:10801000883023B1044A13680BB150689847BDE813
:108020000840FEF733BC00BFF44800204FF0B042D8
:1080300008B5D2F8883003F00203C2F8883023B1C3
:10804000044A93680BB1D0689847BDE80840FEF732
:108050001DBC00BFF44800204FF0B04208B5D2F874
:10806000883003F00403C2F8883023B1044A13694E
:108070000BB150699847BDE80840FEF707BC00BF48
:10808000F44800204FF0B04208B5D2F8883003F031
:108090000803C2F8883023B1044A93690BB1D06950
:1080A0009847BDE80840FEF7F1BB00BFF448002048
:1080B0004FF0B04208B5D2F8883003F01003C2F890
:1080C000883023B1044A136A0BB1506A9847BDE85F
:1080D0000840FEF7DBBB00BFF44800204FF0B04380
:1080E00010B5D3F8884004F47872C3F88820A3064A
:1080F00004D5124A936A0BB1D06A9847600604D53A
:108100000E4A136B0BB1506B9847210604D50B4AEE
:10811000936B0BB1D06B9847E20504D5074A136CFB
:108120000BB1506C9847A30504D5044A936C0BB16E
:10813000D06C9847BDE81040FEF7A8BBF44800207B
:108140004FF0B04310B5D3F8884004F47C42C3F834
:108150008820620504D5164A136D0BB1506D9847FF
:10816000230504D5124A936D0BB1D06D9847E004F6
:1081700004D50F4A136E0BB1506E9847A10404D575
:108180000B4A936E0BB1D06E9847620404D5084A2F
:10819000136F0BB1506F9847230404D5044A936FB3
:1081A0000BB1D06F9847BDE81040FEF76FBB00BF22
:1081B000F448002008B50348FCF72AFEBDE8084053
:1081C000FEF764BBC024002008B5FFF7ADFDBDE895
:1081D0000840FEF75BBB0000062108B50846FCF727
:1081E0009DFE06210720FCF799FE06210820FCF7DA
:1081F00095FE06210920FCF791FE06210A20FCF7D6
:108200008DFE06211720FCF789FE06212820FCF7A9
:1082100085FE09217A20FCF781FE07213220FCF738
:108220007DFE0C215220BDE80840FCF777BE00001F
:1082300008B5FFF79FFD00F00DF8FDF72DF8FDF7ED
:1082400005FAFDF7D7F8FFF743FDBDE80840FFF753
:10825000DFBA00000023054A19460133102BC2E99A
:10826000001102F10802F8D1704700BFF448002065
:1082700010B501390244904201D1002005E0037895
:1082800011F8014FA34201D0181B10BD0130F2E7D5
:108290002DE9F041A3B1C91A17780144044603F14E
:1082A000FF3C8C42204601D9002009E00578BD4200
:1082B00004F10104F5D10CEB0405D618A54201D157
:1082C000BDE8F08115F8018D16F801EDF045F5D007
:1082D000E7E70000884210B501EB020402D98442AE
:1082E000234607D8431EA14208D011F8012B03F8FA
:1082F000012FF8E7024401468A4200D110BD13F86D
:10830000014D02F8014DF7E7034611F8012B03F880
:10831000012B002AF9D1704710B50139034632B15B
:1083200011F8014F03F8014B013A002CF7D11A4420
:108330000021934200D110BD03F8011BF9E70000B2
:10834000024B0146186800F021B800BF64220020EB
:108350000EB403B503AB0146064853F8042B019352
:108360000068049B00F022F802B05DF804EB03B053
:10837000704700BF6422002013460A4601460248A7
:10838000006800F025B800BF6422002038B5064D13
:108390000023044608462B60FDF762FE431C02D111
:1083A0002B6803B1236038BD7449002038B5074DF0
:1083B00004460846114600222A601A4600F01AF8C0
:1083C000431C02D12B6803B1236038BD74490020DF
:1083D00038B5074D04460846114600222A601A4661
:1083E000FDF73AFE431C02D12B6803B1236038BD70
:1083F00074490020024B58221A604FF0FF3070473A
:1084000074490020982F8A4291443771CFFBC0B540
:10841000A5DBB5E95BC25639F111F159A4823F924F
:10842000D55E1CAB98AA07D8015B8312BE853124A8
:10843000C37D0C55745DBE72FEB1DE80A706DC9B69
:1084400074F19BC1C1699BE48647BEEFC69DC10F15
:10845000CCA10C246F2CE92DAA84744ADCA9B05C51
:10846000DA88F97652513E986DC631A8C82703B014
:10847000C77F59BFF30BE0C64791A7D55163CA0622
:1084800067292914850AB72738211B2EFC6D2C4D2E
:10849000130D385354730A65BB0A6A762EC9C2811C
:1084A000852C7292A1E8BFA24B661AA8708B4BC2B2
:1084B000A3516CC719E892D1240699D685350EF4DC
:1084C00070A06A1016C1A419086C371E4C77482793
:1084D000B5BCB034B30C1C394AAAD84E4FCA9C5B09
:1084E000F36F2E68EE828F746F63A5781478C8845A
:1084F0000802C78CFAFFBE90EB6C50A4F7A3F9BE3C
:10850000F27871C600000000FFFFFFFF00000000CE
:10851000FFFFFFFF556E6B6E6F776E007368613102
:1085200057697468525341456E6372797074696F0C
:108530006E000000736861323536576974685253B3
:1085400041456E6372797074696F6E006086480190
:1085500065030402010000002A864886F70D010128
:108560000B0000002B060105050703042B810510F5
:1085700086483F0002000000551D1100551D1F00D8
:108580002B060105050730022B0601050507030927
:108590002B060105050708042B0601050507030145
:1085A0002A864886F70D01050C0000002B06010500
:1085B000050703022A864886F70D01050D00000015
:1085C0002B8104010B010000551D25002B0E030219
:1085D0001A0000002A864886F70D010105000000F8
:1085E0002B060105050703032A864886F70D0101BE
:1085F00001000000551D1300551D1E00551D2500CE
:10860000551D3600551D0F00551D2000551D0E002F
:10861000551D23002B060105050701012B06010549
:10862000050730012B06010505070308551D20002D
:10863000020000000300000003000000030000002F
:10864000160000000100000003000000030000000D
:108650000300000015000000250000000A000000D3
:108660002E0000009C9201088092010818930108D6
:10867000F0920108D4920108B89201085C930108B5
:108680003C93010860920108409201082892010879
:108690000C920108F0910108D49101083EFFFFFF00
:1086A0003F3435363738393A3B3C3DFFFFFFFFFF5B
:1086B000FFFF000102030405060708090A0B0C0D61
:1086C0000E0F10111213141516171819FFFFFFFFC4
:1086D000FFFF1A1B1C1D1E1F2021222324252627D5
:1086E00028292A2B2C2D2E2F303132330400000064
:1086F0000000000001000000000000000200000077
:108700000000000001000000000000000300000065
:108710000000000001000000000000000200000056
:108720000000000001000000000000000200000046
:108730000300000005000000070000000B0000001F
:108740000D000000110000001300000017000000E1
:108750001D0000001F00000025000000290000008F
:108760002B0000002F000000350000003B0000003F
:108770003D000000430000004700000049000000E9
:108780004F0000005300000059000000610000008D
:1087900065000000670000006B0000006D00000035
:1087A000710000007F0000008300000089000000CD
:1087B0008B00000095000000970000009D00000065
:1087C000A3000000A7000000AD000000B3000000FF
:1087D000B5000000BF000000C1000000C50000009F
:1087E000C7000000D3000000DF000000E30000002D
:1087F000E5000000E9000000EF000000F1000000CB
:10880000FB00000001010000070100000D01000055
:108810000F01000015010000190100001B010000FC
:10882000250100003301000037010000390100007C
:108830003D0100004B010000510100005B01000000
:108840005D01000061010000670100006F01000090
:10885000750100007B0100007F0100008501000020
:108860008D0100009101000099010000A3010000AA
:10887000A5010000AF010000B1010000B701000038
:10888000BB010000C1010000C9010000CD010000D2
:10889000CF010000D3010000DF010000E70100006C
:1088A000EB010000F3010000F7010000FD010000F2
:1088B000090200000B0200001D020000230200005C
:1088C0002D02000033020000390200003B020000CC
:1088D000410200004B02000051020000570200005C
:1088E000590200005F0200006502000069020000FA
:1088F0006B0200007702000081020000830200008A
:10890000870200008D020000930200009502000023
:10891000A1020000A5020000AB020000B3020000AB
:10892000BD020000C5020000CF020000D702000017
:10893000DD020000E3020000E7020000EF02000099
:10894000F5020000F9020000010300000503000029
:10895000130300001D030000290300002B03000087
:1089600035030000370300003B0300003D03000017
:108970004703000055030000590300005B0300009B
:108980005F0300006D03000071030000730300002B
:10899000770300008B0300008F03000097030000A3
:1089A000A1030000A9030000AD030000B303000011
:1089B000B9030000C7030000CB030000D10300008F
:1089C000D7030000DF030000E5030000F10300000F
:1089D000F5030000FB030000FD0300000704000096
:1089E000090400000F040000190400001B0400002B
:1089F00025040000270400002D0400003F040000AF
:108A00004304000045040000490400004F04000036
:108A1000550400005D0400006304000069040000C8
:108A20007F040000810400008B0400009304000018
:108A30009D040000A3040000A9040000B10400008C
:108A4000BD040000C1040000C7040000CD04000004
:108A5000CF040000D5040000E1040000EB04000096
:108A6000FD040000FF0400000305000009050000EC
:108A70000B0500001105000015050000170500009A
:108A80001B05000027050000290500002F05000038
:108A900051050000570500005D0500006505000058
:108AA00077050000810500008F0500009305000098
:108AB00095050000990500009F050000A70500002E
:108AC000AB050000AD050000B3050000BF050000C8
:108AD000C9050000CB050000CF050000D10500004E
:108AE000D5050000DB050000E7050000F3050000E8
:108AF000FB050000070600000D060000110600003F
:108B0000170600001F060000230600002B060000C9
:108B10002F0600003D060000410600004706000049
:108B2000490600004D060000530600006336337707
:108B3000E41E86468DEB0AB4A8ED683F6A134E47E3
:108B4000E014C700454E81E95358A569808AA38F78
:108B50002A72A62359915A9F8A04CA68E62B8A8EE4
:108B6000E8F141B6980566E3BFE3C04903DAD4AC47
:108B70002CDF9F2280010A6739BC83D304EEC63BF9
:108B8000B231DF2C630A1AFBE724949D005A58780F
:108B900051E1AA795E477347C8B056621C18BDDC24
:108BA000DD8D99FC5FC2B92053D8CFACFB0BB883E5
:108BB0001205FAD1DDD6C071318A6018F03B73F529
:108BC000EDE4D4D071F9DE03FD7AEA105D9299B834
:108BD000AF99AA075BDB4DB9AA28C18D174B56EE9A
:108BE0002A014D098896FF2282C955A81969E069B2
:108BF000FA8CE007A180183A07DFAE17A65AD0F327
:108C000045DB4E0EFFE875C3A2E71F42C7129D6207
:108C10000FF5C119A9EF55F05185E0FB8581F931B8
:108C20007517276E06E9607DDBCBCC2ED3E160C3E0
:108C30005B99F340B2628264D1751060E0045DA379
:108C400083FF57A57D73A673D2B8D80DAAF6A6C325
:108C50005A91BB4579D73FD0C8FED111B039130620
:108C6000828ADFED528F018121B3FEBDC343E797B6
:108C7000B87DBB63DB1333DED9D1ECE177CFA6B788
:108C80001FE8AB1DA46624ED6415E51CCDE2C7CA40
:108C900086E283990EEAEB91120415528B2295918C
:108CA0000281B02DD431F4C9F70427DF53544D337A
:108CB0003248373F3F3F0053544D333248373378C3
:108CC0002F3732780053544D3332483734332F37EF
:108CD00035332F373530000001105A00031059008A
:108CE000012058000320560041A3E5F26569920770
:108CF0000040A2E4F1646891060000001000024008
:108D0000080002400008024000000B00280002405A
:108D1000080002400408024006010C004000024026
:108D2000080002400808024010020D0058000240EE
:108D3000080002400C08024016030E0070000240BA
:108D40000C0002401008024000040F00880002409E
:108D50000C0002401408024006051000A00002406A
:108D60000C0002401808024010061100B800024032
:108D70000C0002401C08024016072F00100402409D
:108D8000080402402008024000083800280402407D
:108D90000804024024080240060939004004024049
:108DA0000804024028080240100A3A005804024011
:108DB000080402402C080240160B3B0070040240DD
:108DC0000C04024030080240000C3C0088040240C1
:108DD0000C04024034080240060D4400A004024086
:108DE0000C04024038080240100E4500B80402404E
:108DF0000C0402403C080240160F4600009600009A
:108E00000000000000000000000000000000000062
:108E100000000000000000005952010845520108FE
:108E2000815201086D52010879520108655201080A
:108E3000515201083D5201088D5201080000000006
:108E4000715301085D5301089953010885530108C6
:108E5000915301087D5301086953010855530108D6
:108E6000A553010800000000010000000000000000
:108E700063300000708E010888290020982B0020A4
:108E80004172647550696C6F740025424F415244C1
:108E9000252D5365637572652D424C2D763130005A
:108EA0002553455249414C250000000002000000B6
:108EB00000000000915501080156010840004000E3
:108EC0004844002058440020020000000000000038
:108ED00003000000000000004956010800000000E7
:108EE00010000000684400200000000001000000A5
:108EF00000000000844700200101020069610108B0
:108F00007960010815610108F9600108430000005B
:108F1000148F010809024300020100C03209040055
:108F200000010202010005240010010524010001D6
:108F3000042402020524060001070582030800FF3D
:108F400009040100020A00000007050102400000B8
:108F5000070581024000000012000000608F010838
:108F600012011001020000400912415700020102E3
:108F7000030100000403090425424F415244250027
:108F80004D6174656B4837343300303132333435DA
:108F9000363738394142434445460000000000203E
:108FA0000000020002000000000000300000040089
:108FB0000800000000000024000008000400000079
:108FC0000004000000FC000002000000000004306B
:108FD00000800000080000000000003800000100D0
:108FE0000100000000000000A55701085D5A0108BB
:108FF000095B010840004000BC480020BC4800203C
:1090000001000000CC48002080000000400100006A
:10901000080000000001000000100000080000002F
:109020006D61696E0069646C650000000000802A53
:1090300000000000AAAAAAAA00000024FFFF000066
:109040000000000000A00A00000000010000000075
:10905000AAAAAAAA00000001FFFF00000000000069
:10906000000000000000004400000000AAAAAAAA14
:1090700000000044FFFF00000000000000000000AE
:109080000001100000000000AAAAAAAA0001000026
:10909000FFFB0000000000000000000050804200C4
:1090A00000000000AAAAAAAA10404100F7FF000091
:1090B0000000007007000000000000000000000039
:1090C000AAAAAAAA00000000FFFF000000000000FA
:1090D000000000000000000000000000AAAAAAAAE8
:1090E00000000000FFFF0000000000000000000082
:1090F0000000000000000000AAAAAAAA00000000C8
:10910000FFFF000000000000000000000000000061
:1091100000000000AAAAAAAA00000000FFFF0000A9
:10912000000000000000000000000000000000003F
:10913000AAAAAAAA00000000FFFF00000000000089
:10914000000000000000000000000000AAAAAAAA77
:1091500000000000FFFF0000000000000000000011
:109160002F656D61696C416464726573733D0000C5
:109170002F44433D000000002F6661766F757269D1
:1091800074654472696E6B3D000000002F554944C0
:109190003D0000002F434E3D000000002F7365721C
:1091A00069616C4E756D6265723D00002F4F553DD3
:1091B000000000002F4F3D002F53543D00000000E1
:1091C0002F4C3D002F433D002F534E3D000000002B
:1091D000010204002D2D2D2D2D424547494E2043DF
:1091E000455254494649434154452D2D2D2D2D00BE
:1091F0002D2D2D2D2D454E44204345525449464991
:10920000434154452D2D2D2D2D0000002D2D2D2DAC
:109210002D424547494E20583530392043524C2D78
:109220002D2D2D2D000000002D2D2D2D2D454E44D2
:1092300020583530392043524C2D2D2D2D2D000036
:109240002D2D2D2D2D424547494E20525341205062
:10925000524956415445204B45592D2D2D2D2D0059
:109260002D2D2D2D2D454E44205253412050524935
:1092700056415445204B45592D2D2D2D2D000000D4
:109280002D2D2D2D2D424547494E205055424C49FC
:1092900043204B45592D2D2D2D2D00002D2D2D2DED
:1092A0002D454E44205055424C4943204B45592DA5
:1092B0002D2D2D2D000000002D2D2D2D2D4245474B
:1092C000494E2050524956415445204B45592D2D69
:1092D0002D2D2D002D2D2D2D2D454E442050524944
:1092E00056415445204B45592D2D2D2D2D00000064
:1092F0002D2D2D2D2D424547494E20454E43525987
:10930000505445442050524956415445204B4559EC
:109310002D2D2D2D2D0000002D2D2D2D2D454E44B4
:1093200020454E43525950544544205052495641CD
:109330005445204B45592D2D2D2D2D002D2D2D2DF6
:109340002D424547494E20525341205055424C49E9
:1093500043204B45592D2D2D2D2D00002D2D2D2D2C
:109360002D454E4420525341205055424C494320F4
:109370004B45592D2D2D2D2D000000002F646576B5
:109380002F7572616E646F6D000000002F6465764A
:109390002F72616E646F6D0000202020202020203D
:1093A0002020282828282820202020202020202095
:1093B00020202020202020202088101010101010A5
:1093C00010101010101010101004040404040404F1
:1093D000040404101010101010104141414141418B
:1093E000010101010101010101010101010101016D
:1093F000010101011010101010104242424242427D
:10940000020202020202020202020202020202023C
:1094100002020202101010102000000000000000E4
:10942000000000000000000000000000000000003C
:10943000000000000000000000000000000000002C
:10944000000000000000000000000000000000001C
:10945000000000000000000000000000000000000C
:1094600000000000000000000000000000000000FC
:1094700000000000000000000000000000000000EC
:1094800000000000000000000000000000000000DC
:10949000000000000000000000000000A09DFF7F11
:1094A0000100000000000000F503000000000000C3
:1094B00000001A0000000000FF000000A02B0020A8
:1094C000C024002000000000AC8C010883040000D0
:1094D000B78C010850040000C58C010800960000FC
:1094E00000000800960000000008000004000000D2
:1094F000748F010800000000000000000000000060
:1095000000000000000000000000000068220020B1
:10951000000000000000000000000000000000004B
:10952000000000000000000000000000000000003B
:10953000000000000000000000000000000000002B
:10954000000000000000000000000000000000001B
:10955000000000000000000000000000000000000B
:1095600000000000000000000000000000000000FB
:00000001FF
